event,start_s,end_s,duration_s,peak_db,rms_db,attack_time_s,median_f0_hz,pitch_step_count,max_pitch_step_hz,possible_polyphony,auto_verdict,rationale,suggested_annotation,candidate_score
68,34.748662131519275,35.062131519274374,0.313469387755102,-10.92534151454913,-22.198197279841363,0.046439909297052155,78.39876440087627,0,0.0,False,Review,candidate ranking only,"Review candidate: duration and level are favorable, but audition remains required.",0.9088553150039408
476,240.55002267573695,240.8126984126984,0.26267573696145124,-13.448082488502973,-23.791317643186023,0.011609977324263039,93.13632349399202,0,0.0,False,Review,candidate ranking only,"Review candidate: duration and level are favorable, but audition remains required.",0.8786717583202983
487,243.24063492063493,243.54249433106577,0.301859410430839,-15.416881190909583,-24.29206232766913,0.034829931972789115,95.66160520607376,0,0.0,False,Review,candidate ranking only,"Review candidate: duration and level are favorable, but audition remains required.",0.8662212224105847
56,30.33687074829932,30.63873015873016,0.301859410430839,-14.565458849783282,-26.92988962289082,0.034829931972789115,215.1219512195122,0,0.0,False,Review,candidate ranking only,"Review candidate: duration and level are favorable, but audition remains required.",0.8483571728696309
534,260.79492063492063,261.10839002267574,0.313469387755102,-13.595187269345848,-25.82651823400994,0.046439909297052155,114.54545454545455,0,0.0,False,Review,candidate ranking only,"Review candidate: duration and level are favorable, but audition remains required.",0.8458736479142879
517,254.2701133786848,254.6140589569161,0.3439455782312925,-14.858164046375489,-25.455413090868216,0.010158730158730159,134.4512195121951,0,0.0,False,Review,candidate ranking only,"Review candidate: duration and level are favorable, but audition remains required.",0.8427599202375403
63,32.6356462585034,32.97233560090703,0.33668934240362813,-13.282608446219456,-25.006028322248483,0.046439909297052155,136.53250773993807,0,0.0,False,Review,candidate ranking only,"Review candidate: duration and level are favorable, but audition remains required.",0.8339843806146403
62,32.182857142857145,32.507936507936506,0.3250793650793651,-14.158298137817294,-26.546334878504926,0.034829931972789115,171.5953307392996,0,0.0,False,Review,candidate ranking only,"Review candidate: duration and level are favorable, but audition remains required.",0.8330443727846236
506,249.6667573696145,250.0426303854875,0.37587301587301586,-15.531802657750353,-24.657242863630067,0.008707482993197279,96.92307692307692,0,0.0,False,Review,candidate ranking only,"Review candidate: duration and level are favorable, but audition remains required.",0.8135290459199827
282,148.42195011337867,148.700589569161,0.2786394557823129,-15.598617522890937,-27.680355236153176,0.034829931972789115,222.72727272727272,0,0.0,False,Review,candidate ranking only,"Review candidate: duration and level are favorable, but audition remains required.",0.8110197962190827
507,250.06730158730159,250.42721088435374,0.3599092970521542,-13.455566023978589,-25.549186640405054,0.046439909297052155,106.90924798420272,0,0.0,False,Review,candidate ranking only,"Review candidate: duration and level are favorable, but audition remains required.",0.8036032670069572
297,152.70603174603175,153.0311111111111,0.3250793650793651,-12.996260945201785,-30.801362287848363,0.034829931972789115,148.98648648648648,0,0.0,False,Review,candidate ranking only,"Review candidate: duration and level are favorable, but audition remains required.",0.8021144706173443
280,147.57442176870748,147.9111111111111,0.33668934240362813,-14.608099532563477,-28.352150594141232,0.034829931972789115,213.04347826086956,0,0.0,False,Review,candidate ranking only,"Review candidate: duration and level are favorable, but audition remains required.",0.7988782243565357
485,242.3698866213152,242.59047619047618,0.22058956916099773,-15.218974111456019,-28.088331364688372,0.0,105.50239234449761,0,0.0,False,Review,candidate ranking only,"Review candidate: duration and level are favorable, but audition remains required.",0.7875165143995537
558,269.2818140589569,269.6417233560091,0.3599092970521542,-15.312726993335604,-26.019752059769242,0.046439909297052155,111.64556962025317,0,0.0,False,Review,candidate ranking only,"Review candidate: duration and level are favorable, but audition remains required.",0.7803260031197452
116,52.00108843537415,52.43065759637188,0.4295691609977324,-10.919748539701622,-24.032781565678935,0.046439909297052155,95.04310344827586,0,0.0,False,Review,candidate ranking only,"Review candidate: duration and level are favorable, but audition remains required.",0.7744656286514099
518,254.66630385487528,254.90866213151926,0.24235827664399093,-18.021601908228586,-28.27486925189938,0.0072562358276643995,122.1606648199446,0,0.0,False,Review,candidate ranking only,"Review candidate: duration and level are favorable, but audition remains required.",0.7721373292150469
127,58.52879818594104,58.84662131519274,0.3178231292517007,-20.11957165714339,-30.14246839239413,0.010158730158730159,118.54838709677419,0,0.0,False,Review,candidate ranking only,"Review candidate: duration and level are favorable, but audition remains required.",0.7693977400941939
536,261.7237188208617,262.0952380952381,0.37151927437641724,-14.805530990698623,-27.28160842861852,0.046439909297052155,122.5,0,0.0,False,Review,candidate ranking only,"Review candidate: duration and level are favorable, but audition remains required.",0.7611694221333593
65,33.52961451247165,33.866303854875284,0.33668934240362813,-10.274324443014349,-19.211390925152717,0.0,69.01408450704226,0,0.0,True,Review,possible polyphony,"Review candidate: duration and level are favorable, but audition remains required.",0.7605674131662283
29,17.04344671201814,17.345306122448978,0.301859410430839,-17.445869386800233,-32.96968000441913,0.034829931972789115,250.5681818181818,0,0.0,False,Review,candidate ranking only,"Review candidate: duration and level are favorable, but audition remains required.",0.7591551636841781
300,155.09768707482993,155.31827664399094,0.22058956916099773,-13.230169781584557,-29.770286718858948,0.034829931972789115,163.0319803198032,0,0.0,False,Review,candidate ranking only,"Review candidate: duration and level are favorable, but audition remains required.",0.7557550721837736
539,262.69895691609975,263.08208616780047,0.3831292517006803,-17.854359395899976,-27.803628291812107,0.011609977324263039,86.47058823529412,0,0.0,False,Review,candidate ranking only,"Review candidate: duration and level are favorable, but audition remains required.",0.7486808940979358
10,4.527891156462585,4.934240362811791,0.40634920634920635,-15.662732149769509,-25.35945063939827,0.034829931972789115,116.5127528583993,0,0.0,False,Review,candidate ranking only,"Review candidate: duration and level are favorable, but audition remains required.",0.7485990337863268
277,145.8445351473923,146.20444444444445,0.3599092970521542,-16.217409705268373,-28.36777926000157,0.046439909297052155,188.46153846153845,0,0.0,False,Review,candidate ranking only,"Review candidate: duration and level are favorable, but audition remains required.",0.7477989039980942
60,31.265668934240363,31.660408163265306,0.3947392290249433,-14.470977099002933,-27.89115504947375,0.034829931972789115,196.875,0,0.0,False,Review,candidate ranking only,"Review candidate: duration and level are favorable, but audition remains required.",0.7468095175175008
519,255.08281179138322,255.51238095238097,0.4295691609977324,-14.387230125580988,-25.758858090570445,0.023219954648526078,115.74803149606299,0,0.0,False,Review,candidate ranking only,"Review candidate: duration and level are favorable, but audition remains required.",0.7457500021922272
502,247.91945578231292,248.2677551020408,0.34829931972789113,-10.628359093770749,-19.007807105255047,0.0,64.80532521378595,0,0.0,True,Review,possible polyphony,"Review candidate: duration and level are favorable, but audition remains required.",0.7454170893344014
211,102.96018140589568,103.2214058956916,0.2612244897959184,-22.679476893693757,-29.074114884396458,0.0014512471655328798,98.10913140311804,0,0.0,False,Review,candidate ranking only,"Review candidate: duration and level are favorable, but audition remains required.",0.7422373248494833
9,4.056235827664399,4.4117913832199545,0.35555555555555557,-19.50491270235316,-29.741992641174562,0.010158730158730159,112.64386189258312,0,0.0,False,Review,candidate ranking only,"Review candidate: duration and level are favorable, but audition remains required.",0.741816660850437
210,102.46965986394558,102.96018140589568,0.4905215419501134,-12.631229541424748,-23.08418919926034,0.011609977324263039,98.21826280623608,0,0.0,False,Review,candidate ranking only,"Review candidate: duration and level are favorable, but audition remains required.",0.7407142933187728
13,6.176507936507937,6.3854875283446715,0.2089795918367347,-16.879987614944465,-26.974099127464207,0.034829931972789115,130.47337278106508,0,0.0,False,Review,candidate ranking only,"Review candidate: duration and level are favorable, but audition remains required.",0.7356087924398589
284,149.24625850340135,149.62938775510204,0.3831292517006803,-13.819973298462102,-29.694408767094753,0.046439909297052155,230.89005235602093,0,0.0,False,Review,candidate ranking only,"Review candidate: duration and level are favorable, but audition remains required.",0.735287018346699
58,30.778049886621314,31.161179138321994,0.3831292517006803,-15.205226987027858,-28.358230808369008,0.046439909297052155,198.64864864864865,0,0.0,False,Review,candidate ranking only,"Review candidate: duration and level are favorable, but audition remains required.",0.7347962610482989
8,3.593287981859411,4.024308390022676,0.4310204081632653,-16.466166511858685,-26.194402143615832,0.010158730158730159,98.4375,0,0.0,False,Review,candidate ranking only,"Review candidate: duration and level are favorable, but audition remains required.",0.7322151751232593
295,151.89333333333335,152.20680272108842,0.313469387755102,-17.445869386800233,-34.560917028535016,0.034829931972789115,142.4882555590354,0,0.0,False,Review,candidate ranking only,"Review candidate: duration and level are favorable, but audition remains required.",0.7316328161187564
69,35.062131519274374,35.20145124716553,0.13931972789115646,-13.270385126389009,-24.141108707536564,0.034829931972789115,97.78270509977827,0,0.0,False,Review,candidate ranking only,Review candidate: no decisive automated exclusion.,0.7303748575791116
118,52.92988662131519,53.37106575963719,0.44117913832199546,-14.362262683687362,-25.238921088920073,0.034829931972789115,106.26506024096386,0,0.0,False,Review,candidate ranking only,"Review candidate: duration and level are favorable, but audition remains required.",0.727979091979141
291,150.9877551020408,151.3360544217687,0.34829931972789113,-14.698332192866271,-33.533482204871625,0.046439909297052155,134.4512195121951,0,0.0,False,Review,candidate ranking only,"Review candidate: duration and level are favorable, but audition remains required.",0.7229426269976778
105,47.04362811791383,47.35709750566893,0.313469387755102,-20.71749249569459,-32.267427633741036,0.034829931972789115,91.11570247933884,0,0.0,False,Review,candidate ranking only,"Review candidate: duration and level are favorable, but audition remains required.",0.7218514789777526
510,251.48371882086167,251.89006802721087,0.40634920634920635,-16.574486277703514,-28.305414937707205,0.023219954648526078,160.36363636363637,0,0.0,False,Review,candidate ranking only,"Review candidate: duration and level are favorable, but audition remains required.",0.7216318268481604
395,193.39174603174604,193.62829931972792,0.2365532879818594,-19.618323579092046,-31.00513182230779,0.008707482993197279,103.76470588235294,0,0.0,False,Review,candidate ranking only,"Review candidate: duration and level are favorable, but audition remains required.",0.7216112509746637
526,258.11301587301585,258.4148752834467,0.301859410430839,-11.091975624800634,-22.084689554003532,0.046439909297052155,66.21621621621621,0,0.0,True,Review,possible polyphony,"Review candidate: duration and level are favorable, but audition remains required.",0.7199340284840672
515,253.79410430839002,253.92181405895693,0.12770975056689343,-16.497989468987186,-24.281336420344005,0.0,145.78870869033048,0,0.0,False,Review,candidate ranking only,Review candidate: no decisive automated exclusion.,0.7199164916735814
559,269.85070294784583,270.22222222222223,0.37151927437641724,-18.579503127766426,-28.18921527358163,0.046439909297052155,127.08933717579251,0,0.0,False,Review,candidate ranking only,"Review candidate: duration and level are favorable, but audition remains required.",0.71435363231305
70,35.20145124716553,35.42204081632653,0.22058956916099773,-16.395863500470554,-27.322142790077592,0.06965986394557823,119.83784143018542,0,0.0,False,Review,candidate ranking only,"Review candidate: duration and level are favorable, but audition remains required.",0.713749642309938
503,248.2677551020408,248.7437641723356,0.47600907029478456,-13.098645149959431,-21.05522299115728,0.06965986394557823,73.25581395348837,0,0.0,False,Review,candidate ranking only,"Review candidate: duration and level are favorable, but audition remains required.",0.71279238434847
276,144.99700680272107,145.4033560090703,0.40634920634920635,-15.73380919583687,-29.236062150511913,0.034829931972789115,177.10843373493975,0,0.0,False,Review,candidate ranking only,"Review candidate: duration and level are favorable, but audition remains required.",0.7091221482145167
117,52.44226757369614,52.92988662131519,0.4876190476190476,-12.414925647009758,-24.486698576638346,0.034829931972789115,100.91533180778032,0,0.0,False,Review,candidate ranking only,"Review candidate: duration and level are favorable, but audition remains required.",0.7085347781716822
491,245.0750113378685,245.36526077097506,0.29024943310657597,-11.008729693749402,-20.271987761284453,0.06965986394557823,41.369606003752345,0,0.0,True,Review,possible polyphony,"Review candidate: duration and level are favorable, but audition remains required.",0.7077823946106592
363,178.14204081632653,178.39165532879818,0.24961451247165534,-21.936344952113046,-31.90084390228947,0.005804988662131519,134.4512195121951,0,0.0,False,Review,candidate ranking only,"Review candidate: duration and level are favorable, but audition remains required.",0.7054376352654987
472,238.75773242630385,239.11473922902493,0.3570068027210884,-11.063506606728064,-21.1446381034496,0.01596371882086168,52.18934911242604,0,0.0,True,Review,possible polyphony,"Review candidate: duration and level are favorable, but audition remains required.",0.7049480313562733
32,17.972244897959182,18.204444444444444,0.23219954648526078,-19.0251494866704,-30.383445898476495,0.034829931972789115,220.5,0,0.0,False,Review,candidate ranking only,"Review candidate: duration and level are favorable, but audition remains required.",0.7032836606610027
77,37.047437641723356,37.29124716553288,0.2438095238095238,-15.33748636057452,-29.436148368133736,0.09287981859410431,51.21951219512195,0,0.0,False,Review,candidate ranking only,"Review candidate: duration and level are favorable, but audition remains required.",0.703193357928337
565,273.0086167800454,273.42657596371885,0.4179591836734694,-17.254404777809405,-25.993693560758203,0.046439909297052155,97.13656387665198,0,0.0,False,Review,candidate ranking only,"Review candidate: duration and level are favorable, but audition remains required.",0.7031199236438023
488,243.67020408163265,244.0301133786848,0.3599092970521542,-19.447513998523714,-30.91528284539645,0.034829931972789115,88.2,0,0.0,False,Review,candidate ranking only,"Review candidate: duration and level are favorable, but audition remains required.",0.701632802535855
535,261.2709297052154,261.68888888888887,0.4179591836734694,-15.089999670976413,-28.607662934782823,0.046439909297052155,128.19767441860466,0,0.0,False,Review,candidate ranking only,"Review candidate: duration and level are favorable, but audition remains required.",0.6986242809718861
110,49.24952380952381,49.5978231292517,0.34829931972789113,-20.40366381143815,-32.13873939699355,0.034829931972789115,121.15384615384616,0,0.0,False,Review,candidate ranking only,"Review candidate: duration and level are favorable, but audition remains required.",0.6914467162150028
288,150.1518367346939,150.5814058956916,0.4295691609977324,-13.753861439622025,-31.032090316574493,0.034829931972789115,250.5681818181818,0,0.0,False,Review,candidate ranking only,"Review candidate: duration and level are favorable, but audition remains required.",0.6877413894675133
55,29.8724716553288,30.25560090702948,0.3831292517006803,-17.445869386800233,-30.90849113192615,0.046439909297052155,217.24137931034483,0,0.0,False,Review,candidate ranking only,"Review candidate: duration and level are favorable, but audition remains required.",0.6868872338150037
108,48.32072562358277,48.71546485260771,0.3947392290249433,-17.269877308532873,-30.156638006657342,0.046439909297052155,106.77966101694915,0,0.0,False,Review,candidate ranking only,"Review candidate: duration and level are favorable, but audition remains required.",0.6845557085261024
403,199.02839002267575,199.282358276644,0.25396825396825395,-24.890765910984737,-31.395420518224157,0.0072562358276643995,85.7976653696498,0,0.0,False,Review,candidate ranking only,"Review candidate: duration and level are favorable, but audition remains required.",0.6838501538485007
473,239.23519274376417,239.6299319727891,0.3947392290249433,-11.089124520347637,-21.072175258532226,0.0,55.33249686323714,0,0.0,True,Review,possible polyphony,"Review candidate: duration and level are favorable, but audition remains required.",0.683647773186258
61,31.730068027210883,32.182857142857145,0.4527891156462585,-15.059929051923419,-27.935686665388584,0.034829931972789115,181.48455493835525,0,0.0,False,Review,candidate ranking only,"Review candidate: duration and level are favorable, but audition remains required.",0.6824247952078324
27,16.590657596371884,16.857687074829933,0.26702947845804986,-21.490817057890006,-33.603011392944445,0.034829931972789115,250.5681818181818,0,0.0,False,Review,candidate ranking only,"Review candidate: duration and level are favorable, but audition remains required.",0.6812612619769163
109,48.81995464852608,49.21469387755102,0.3947392290249433,-17.400553312212523,-31.570983138501827,0.034829931972789115,114.69460227272728,0,0.0,False,Review,candidate ranking only,"Review candidate: duration and level are favorable, but audition remains required.",0.6807154744951242
513,253.27165532879818,253.68961451247165,0.4179591836734694,-16.537043197570963,-30.193475701869158,0.034829931972789115,163.33333333333334,0,0.0,False,Review,candidate ranking only,"Review candidate: duration and level are favorable, but audition remains required.",0.6799056953593402
571,275.9923809523809,276.43356009070294,0.44117913832199546,-16.49267753957605,-27.925078252878084,0.034829931972789115,95.8695652173913,0,0.0,False,Review,candidate ranking only,"Review candidate: duration and level are favorable, but audition remains required.",0.679813371780674
34,18.413424036281178,18.773333333333333,0.3599092970521542,-19.60058433807089,-32.96818724295402,0.034829931972789115,197.7578475336323,0,0.0,False,Review,candidate ranking only,"Review candidate: duration and level are favorable, but audition remains required.",0.6795730551648076
305,157.03655328798186,157.18748299319728,0.1509297052154195,-12.92906064945165,-30.738041356099046,0.034829931972789115,172.94117647058823,0,0.0,False,Review,candidate ranking only,Review candidate: no decisive automated exclusion.,0.6794287531871235
106,47.4615873015873,47.83310657596372,0.37151927437641724,-19.270244791897614,-31.07905894073546,0.046439909297052155,96.49890590809628,0,0.0,False,Review,candidate ranking only,"Review candidate: duration and level are favorable, but audition remains required.",0.6785477790001998
67,34.40036281179138,34.748662131519275,0.34829931972789113,-10.8132400549232,-20.95388995287651,0.058049886621315196,55.4717858815488,0,0.0,True,Review,possible polyphony,"Review candidate: duration and level are favorable, but audition remains required.",0.6759794935727965
76,36.94294784580499,37.047437641723356,0.10448979591836735,-13.36989219879788,-26.21328671819915,0.034829931972789115,75.25597269624573,0,0.0,False,Review,candidate ranking only,Review candidate: no decisive automated exclusion.,0.6738280747756079
538,262.222947845805,262.69895691609975,0.47600907029478456,-14.575389635261384,-26.97087205245577,0.034829931972789115,110.80402010050251,0,0.0,False,Review,candidate ranking only,"Review candidate: duration and level are favorable, but audition remains required.",0.6736983808552548
505,249.23138321995464,249.6232199546485,0.39183673469387753,-13.107032105223999,-20.1632542182876,0.0029024943310657597,73.25581395348837,0,0.0,True,Review,possible polyphony,"Review candidate: duration and level are favorable, but audition remains required.",0.6725579077399406
103,46.219319727891154,46.56761904761905,0.34829931972789113,-21.67850701544534,-32.864376870903286,0.034829931972789115,82.73921200750469,0,0.0,False,Review,candidate ranking only,"Review candidate: duration and level are favorable, but audition remains required.",0.6714419094358335
546,265.54340136054424,265.798820861678,0.25541950113378686,-12.329013281398577,-20.66103646829127,0.058049886621315196,54.919138720363264,0,0.0,True,Review,possible polyphony,"Review candidate: duration and level are favorable, but audition remains required.",0.6674691170155731
560,270.3847619047619,270.80272108843536,0.4179591836734694,-17.710617989123524,-30.355194607644812,0.034829931972789115,155.28169014084506,0,0.0,False,Review,candidate ranking only,"Review candidate: duration and level are favorable, but audition remains required.",0.6665527583860581
139,69.61342403628117,70.13442176870748,0.5209977324263039,-13.023524763106773,-27.151463297530064,0.011609977324263039,114.84375,0,0.0,False,Review,candidate ranking only,Likely use candidate: duration and level match the calibrated labeled set; no large pitch step detected.,0.6656424096430648
576,278.69750566893424,279.0225850340136,0.3250793650793651,-22.274097054453105,-35.18809816603853,0.034829931972789115,203.2258064516129,0,0.0,False,Review,candidate ranking only,"Review candidate: duration and level are favorable, but audition remains required.",0.6654687507429294
533,260.31891156462586,260.7600907029478,0.44117913832199546,-14.579649164388709,-25.579060409171966,0.09287981859410431,105.0,0,0.0,False,Review,candidate ranking only,"Review candidate: duration and level are favorable, but audition remains required.",0.6643539473482936
112,50.155102040816324,50.51501133786848,0.3599092970521542,-13.796582199124355,-22.811308559927532,0.011609977324263039,78.6096256684492,0,0.0,True,Review,possible polyphony,"Review candidate: duration and level are favorable, but audition remains required.",0.662401818033064
86,40.87873015873016,41.23863945578231,0.3599092970521542,-12.539792338486633,-20.63519788722846,0.046439909297052155,76.16580310880829,0,0.0,True,Review,possible polyphony,"Review candidate: duration and level are favorable, but audition remains required.",0.6619008913936426
24,16.04498866213152,16.451337868480724,0.40634920634920635,-16.931965737543983,-32.77703144313485,0.034829931972789115,226.15384615384616,0,0.0,False,Review,candidate ranking only,"Review candidate: duration and level are favorable, but audition remains required.",0.6617308898712162
550,267.0875283446712,267.4009977324263,0.313469387755102,-14.312542079327963,-23.77477467659061,0.046439909297052155,55.297827378986995,0,0.0,True,Review,possible polyphony,"Review candidate: duration and level are favorable, but audition remains required.",0.65921753538866
481,241.19147392290247,241.2945124716553,0.10303854875283447,-17.164056101520032,-26.746196840885617,0.005804988662131519,66.41566265060241,0,0.0,False,Review,candidate ranking only,Review candidate: no decisive automated exclusion.,0.6581310306666465
107,47.87954648526077,48.251065759637186,0.37151927437641724,-20.462173634094867,-31.94876268848724,0.046439909297052155,101.37931034482759,0,0.0,False,Review,candidate ranking only,"Review candidate: duration and level are favorable, but audition remains required.",0.6579314531007096
35,18.877823129251702,19.272562358276645,0.3947392290249433,-18.891137974826513,-32.6039213735507,0.034829931972789115,187.6595744680851,0,0.0,False,Review,candidate ranking only,"Review candidate: duration and level are favorable, but audition remains required.",0.6554802455184955
278,146.70367346938775,147.156462585034,0.4527891156462585,-15.677223395459585,-30.081788637608533,0.034829931972789115,200.45454545454547,0,0.0,False,Review,candidate ranking only,"Review candidate: duration and level are favorable, but audition remains required.",0.6547908320502712
23,14.245442176870748,14.640181405895692,0.3947392290249433,-19.013311009114624,-33.00875140007758,0.034829931972789115,180.3688524590164,0,0.0,False,Review,candidate ranking only,"Review candidate: duration and level are favorable, but audition remains required.",0.6502102149103456
463,232.64072562358277,232.9425850340136,0.301859410430839,-18.949660562731275,-26.162032749835163,0.0,45.00004685552567,0,0.0,True,Review,possible polyphony,"Review candidate: duration and level are favorable, but audition remains required.",0.6470236564434966
516,254.0974149659864,254.21061224489796,0.11319727891156463,-16.684173951682617,-29.186528014668625,0.008707482993197279,126.0,0,0.0,False,Review,candidate ranking only,Review candidate: no decisive automated exclusion.,0.6457827762548549
480,241.0507029478458,241.13487528344672,0.08417233560090703,-17.430080444233024,-26.004523305973485,0.005804988662131519,139.1167192429022,0,0.0,False,Review,candidate ranking only,Review candidate: no decisive automated exclusion.,0.6440213094367104
462,232.3736961451247,232.64072562358277,0.26702947845804986,-14.649518800313395,-23.040989354363738,0.046439909297052155,44.72616632860041,0,0.0,True,Review,possible polyphony,"Review candidate: duration and level are favorable, but audition remains required.",0.6436844876142263
540,263.14013605442176,263.55809523809523,0.4179591836734694,-19.351044347932415,-29.8949890355546,0.046439909297052155,92.45283018867924,0,0.0,False,Review,candidate ranking only,"Review candidate: duration and level are favorable, but audition remains required.",0.6431405731946083
483,241.44108843537416,241.84743764172336,0.40634920634920635,-19.17571345674299,-31.349764888064584,0.046439909297052155,118.07250075267739,0,0.0,False,Review,candidate ranking only,"Review candidate: duration and level are favorable, but audition remains required.",0.6419561009056658
529,259.0418140589569,259.25079365079364,0.2089795918367347,-11.863834230535026,-20.202611506620087,0.046439909297052155,54.545642296571664,0,0.0,True,Review,possible polyphony,"Review candidate: duration and level are favorable, but audition remains required.",0.6418752251681314
509,251.01931972789114,251.48371882086167,0.46439909297052157,-17.328146017470832,-28.713215472383553,0.034829931972789115,145.06578947368422,0,0.0,False,Review,candidate ranking only,"Review candidate: duration and level are favorable, but audition remains required.",0.6403573601581455
304,156.0845351473923,156.21224489795918,0.12770975056689343,-14.635213972248032,-30.79352831611047,0.034829931972789115,69.5583596214511,0,0.0,False,Review,candidate ranking only,Review candidate: no decisive automated exclusion.,0.6385923957105193
484,241.8938775510204,242.3698866213152,0.47600907029478456,-15.753295215536237,-28.21467476460495,0.046439909297052155,111.08312342569269,0,0.0,False,Review,candidate ranking only,"Review candidate: duration and level are favorable, but audition remains required.",0.6378713206067514
84,40.4259410430839,40.71619047619048,0.29024943310657597,-15.988931826498376,-24.6359150261214,0.046439909297052155,71.12903225806451,0,0.0,True,Review,possible polyphony,"Review candidate: duration and level are favorable, but audition remains required.",0.6375610552833262
561,270.98848072562356,271.4180498866213,0.4295691609977324,-18.674555500212385,-31.206212809577877,0.034829931972789115,170.27027027027026,0,0.0,False,Review,candidate ranking only,"Review candidate: duration and level are favorable, but audition remains required.",0.6367932239315759
74,36.22312925170068,36.55981859410431,0.33668934240362813,-9.344825358711446,-21.04256111442026,0.11609977324263039,55.26315789473684,0,0.0,True,Review,possible polyphony,"Review candidate: duration and level are favorable, but audition remains required.",0.6367852732095389
12,5.445079365079365,5.932698412698413,0.4876190476190476,-16.765988273725704,-27.347147839973196,0.034829931972789115,130.08849557522123,0,0.0,False,Review,candidate ranking only,"Review candidate: duration and level are favorable, but audition remains required.",0.6364196592711743
547,265.798820861678,266.0542403628118,0.25541950113378686,-15.511225597503495,-24.336074349875247,0.023219954648526078,59.55009833916084,0,0.0,True,Review,possible polyphony,"Review candidate: duration and level are favorable, but audition remains required.",0.6337265470114732
508,250.52009070294784,251.01931972789114,0.4992290249433107,-15.519134083562058,-27.77775848760116,0.034829931972789115,124.40081164955836,0,0.0,False,Review,candidate ranking only,"Review candidate: duration and level are favorable, but audition remains required.",0.632972117372268
244,127.19020408163266,127.48770975056689,0.29750566893424035,-18.374858105565433,-26.262138329308744,0.01886621315192744,62.5531914893617,0,0.0,True,Review,possible polyphony,"Review candidate: duration and level are favorable, but audition remains required.",0.6322694914335711
104,46.602448979591834,46.95074829931973,0.34829931972789113,-24.597852519038884,-33.942364534680195,0.034829931972789115,87.06819935916926,0,0.0,False,Review,candidate ranking only,"Review candidate: duration and level are favorable, but audition remains required.",0.631468577762129
562,271.5225396825397,271.9288888888889,0.40634920634920635,-20.8860993959817,-32.015607093941505,0.034829931972789115,163.33333333333334,0,0.0,False,Review,candidate ranking only,"Review candidate: duration and level are favorable, but audition remains required.",0.6298037967787725
577,279.6843537414966,280.10231292517005,0.4179591836734694,-19.17330305305385,-32.68411000088851,0.034829931972789115,227.31958762886597,0,0.0,False,Review,candidate ranking only,"Review candidate: duration and level are favorable, but audition remains required.",0.6286367538143178
563,272.0101587301587,272.47455782312926,0.46439909297052157,-16.879987614944465,-29.26485762684746,0.046439909297052155,129.7058823529412,0,0.0,False,Review,candidate ranking only,"Review candidate: duration and level are favorable, but audition remains required.",0.627712545314507
544,264.5797732426304,264.9861224489796,0.40634920634920635,-13.656266147260292,-21.812279617251495,0.011609977324263039,63.36219976672894,0,0.0,True,Review,possible polyphony,"Review candidate: duration and level are favorable, but audition remains required.",0.6273553586814127
522,256.38312925170067,256.74303854875285,0.3599092970521542,-11.932670891986767,-22.534017052061817,0.06965986394557823,78.75,0,0.0,True,Review,possible polyphony,"Review candidate: duration and level are favorable, but audition remains required.",0.6257639595617817
88,41.28507936507936,41.691428571428574,0.40634920634920635,-12.27874251659556,-21.281687442612988,0.034829931972789115,80.9918038316244,0,0.0,True,Review,possible polyphony,"Review candidate: duration and level are favorable, but audition remains required.",0.6232165620859189
454,229.0416326530612,229.32027210884354,0.2786394557823129,-16.96928433260115,-25.209170538276794,0.034829931972789115,49.273743016759774,0,0.0,True,Review,possible polyphony,"Review candidate: duration and level are favorable, but audition remains required.",0.6220249751007443
564,272.5209977324263,272.97378684807256,0.4527891156462585,-17.891709193891934,-31.16065130731217,0.034829931972789115,121.48760330578513,0,0.0,False,Review,candidate ranking only,"Review candidate: duration and level are favorable, but audition remains required.",0.6218573473689113
554,268.051156462585,268.35301587301586,0.301859410430839,-16.474994533391126,-23.48183767066706,0.08126984126984127,81.51571164510166,0,0.0,True,Review,possible polyphony,"Review candidate: duration and level are favorable, but audition remains required.",0.6173024262587379
161,82.46566893424037,82.82557823129251,0.3599092970521542,-14.431794672340967,-24.437274498144316,0.034829931972789115,53.036699875034714,0,0.0,True,Review,possible polyphony,"Review candidate: duration and level are favorable, but audition remains required.",0.6165700792702038
418,206.37315192743765,206.67210884353742,0.29895691609977326,-18.155609965429502,-30.004584736912726,0.008707482993197279,78.89087656529517,0,0.0,True,Review,possible polyphony,"Review candidate: duration and level are favorable, but audition remains required.",0.6086474860831537
532,259.92417233560093,260.31891156462586,0.3947392290249433,-12.79157488464704,-22.418935637006072,0.046439909297052155,84.72630296766573,0,0.0,True,Review,possible polyphony,"Review candidate: duration and level are favorable, but audition remains required.",0.6067157564614734
18,8.870022675736962,9.287981859410431,0.4179591836734694,-20.605931701121314,-33.85563080898081,0.034829931972789115,95.45454545454545,0,0.0,False,Review,candidate ranking only,"Review candidate: duration and level are favorable, but audition remains required.",0.6025952592527202
93,43.03818594104308,43.37487528344671,0.33668934240362813,-16.232857393707786,-26.581384236736014,0.034829931972789115,74.24242424242425,0,0.0,True,Review,possible polyphony,"Review candidate: duration and level are favorable, but audition remains required.",0.6003383093191448
7,3.053424036281179,3.541043083900227,0.4876190476190476,-17.613409536275324,-26.71973791976717,0.06965986394557823,92.9400399733511,0,0.0,False,Review,candidate ranking only,"Review candidate: duration and level are favorable, but audition remains required.",0.5993896138749492
572,276.4567800453515,276.921179138322,0.46439909297052157,-19.2289122789563,-30.98076569776087,0.034829931972789115,112.5,0,0.0,False,Review,candidate ranking only,"Review candidate: duration and level are favorable, but audition remains required.",0.5986741952895176
511,251.89006802721087,252.3892970521542,0.4992290249433107,-17.099278383495,-29.755649126421154,0.034829931972789115,162.13235294117646,0,0.0,False,Review,candidate ranking only,"Review candidate: duration and level are favorable, but audition remains required.",0.5973917679847387
299,154.05278911564625,154.261768707483,0.2089795918367347,-20.178898051096915,-35.18639788567662,0.058049886621315196,162.1345444223673,0,0.0,False,Review,candidate ranking only,"Review candidate: duration and level are favorable, but audition remains required.",0.5972767458476842
327,164.16507936507938,164.46693877551022,0.301859410430839,-26.86862251070323,-39.73834891492433,0.034829931972789115,250.5681818181818,0,0.0,False,Review,candidate ranking only,"Review candidate: duration and level are favorable, but audition remains required.",0.5972409433400963
528,258.56580498866214,258.9837641723356,0.4179591836734694,-11.66662925861191,-22.202649399654206,0.046439909297052155,60.827586206896555,0,0.0,True,Review,possible polyphony,"Review candidate: duration and level are favorable, but audition remains required.",0.5969081204468172
3,0.8359183673469388,1.2770975056689342,0.44117913832199546,-12.56565828129887,-23.840642979558414,0.0,64.00580551523947,0,0.0,True,Review,possible polyphony,"Review candidate: duration and level are favorable, but audition remains required.",0.5947578490694316
75,36.55981859410431,36.94294784580499,0.3831292517006803,-13.706210950687503,-23.016974895892215,0.058049886621315196,76.82926829268293,0,0.0,True,Review,possible polyphony,"Review candidate: duration and level are favorable, but audition remains required.",0.5915890032122073
474,239.6299319727891,239.98984126984126,0.3599092970521542,-15.99895979332868,-23.553804808909486,0.058049886621315196,73.01324503311258,0,0.0,True,Review,possible polyphony,"Review candidate: duration and level are favorable, but audition remains required.",0.5865131703041488
275,144.17269841269842,144.71836734693878,0.5456689342403628,-15.203700870949424,-28.391773363434613,0.034829931972789115,159.2057761732852,0,0.0,False,Review,candidate ranking only,Likely use candidate: duration and level match the calibrated labeled set; no large pitch step detected.,0.5835463914430077
573,276.9908390022676,277.50167800453517,0.5108390022675737,-14.438778583337202,-30.318529034310888,0.058049886621315196,127.08933717579251,0,0.0,False,Review,candidate ranking only,Likely use candidate: duration and level match the calibrated labeled set; no large pitch step detected.,0.5835380349346302
36,19.30739229024943,19.702131519274378,0.3947392290249433,-23.460545082750237,-35.404542762148616,0.034829931972789115,173.6220472440945,0,0.0,False,Review,candidate ranking only,"Review candidate: duration and level are favorable, but audition remains required.",0.5817799605532792
400,196.2550566893424,196.4219501133787,0.16689342403628118,-25.074227752143603,-32.22095209661636,0.014512471655328799,94.43298118190822,0,0.0,False,Review,candidate ranking only,Review candidate: no decisive automated exclusion.,0.5794291538933528
552,267.563537414966,267.88861678004537,0.3250793650793651,-18.94027041085665,-26.10444006408498,0.046439909297052155,68.05555555555556,0,0.0,True,Review,possible polyphony,"Review candidate: duration and level are favorable, but audition remains required.",0.5780336208741663
11,4.934240362811791,5.433469387755102,0.4992290249433107,-16.574486277703514,-27.67138584364347,0.08126984126984127,121.65540386283732,0,0.0,False,Review,candidate ranking only,"Review candidate: duration and level are favorable, but audition remains required.",0.5770424125733782
351,171.39809523809524,171.61868480725624,0.22058956916099773,-25.669418162564273,-38.84957458877342,0.0,188.86596236381644,0,0.0,False,Review,candidate ranking only,"Review candidate: duration and level are favorable, but audition remains required.",0.5753996416476208
208,98.63836734693878,99.06793650793651,0.4295691609977324,-14.46677051745099,-23.932219758810813,0.011609977324263039,54.91905354919054,0,0.0,True,Review,possible polyphony,"Review candidate: duration and level are favorable, but audition remains required.",0.5748309589153866
521,255.98839002267573,256.38312925170067,0.3947392290249433,-16.09818974052842,-27.109824413565,0.0,83.76075930188094,0,0.0,True,Review,possible polyphony,"Review candidate: duration and level are favorable, but audition remains required.",0.5731806294341226
268,139.51709750566894,140.08598639455784,0.5688888888888889,-14.808446697217466,-27.549270989852673,0.034829931972789115,114.24870466321244,0,0.0,False,Review,candidate ranking only,Likely use candidate: duration and level match the calibrated labeled set; no large pitch step detected.,0.5727040022676206
261,135.71192743764172,136.4215873015873,0.7096598639455782,-14.76771560434577,-26.967378429366736,0.010158730158730159,98.21826280623608,0,0.0,False,Review,candidate ranking only,Likely use candidate: duration and level match the calibrated labeled set; no large pitch step detected.,0.5724903295041448
213,107.77541950113378,109.99292517006803,2.2175056689342405,-10.539603294996848,-28.734281239530638,0.034829931972789115,92.45283018867924,0,0.0,False,Review,candidate ranking only,Likely use candidate: duration and level match the calibrated labeled set; no large pitch step detected.,0.572431222681936
316,161.28580498866214,161.5528344671202,0.26702947845804986,-26.402077532225967,-39.64911782035008,0.034829931972789115,142.71844660194174,0,0.0,False,Review,candidate ranking only,"Review candidate: duration and level are favorable, but audition remains required.",0.5716875929595003
551,267.4009977324263,267.5170975056689,0.11609977324263039,-22.98801450318965,-31.48527554916152,0.0,55.333890644260876,0,0.0,False,Review,candidate ranking only,Review candidate: no decisive automated exclusion.,0.5713668727191187
329,165.1287074829932,165.46539682539682,0.33668934240362813,-25.896378310232514,-38.82909295742803,0.046439909297052155,238.3783783783784,0,0.0,False,Review,candidate ranking only,"Review candidate: duration and level are favorable, but audition remains required.",0.5696160356227142
575,278.10539682539684,278.55818594104306,0.4527891156462585,-20.456584258330523,-34.02921886049042,0.034829931972789115,169.6153846153846,0,0.0,False,Review,candidate ranking only,"Review candidate: duration and level are favorable, but audition remains required.",0.5675229211927431
267,138.71600907029477,139.42421768707484,0.7082086167800453,-12.930235132536135,-26.856256756847458,0.034829931972789115,107.8239608801956,0,0.0,False,Review,candidate ranking only,Likely use candidate: duration and level match the calibrated labeled set; no large pitch step detected.,0.567305149133375
490,244.6222222222222,245.05904761904762,0.43682539682539684,-14.599554633066594,-22.983354679779463,0.020317460317460317,64.66275659824046,0,0.0,True,Review,possible polyphony,"Review candidate: duration and level are favorable, but audition remains required.",0.5670280497286821
174,89.07174603174603,89.55936507936508,0.4876190476190476,-8.904546029975196,-18.744381166393122,0.046439909297052155,46.20221278277191,0,0.0,True,Review,possible polyphony,"Review candidate: duration and level are favorable, but audition remains required.",0.5659410430839003
549,266.58829931972787,267.04108843537415,0.4527891156462585,-11.46387569080506,-20.88430436376545,0.058049886621315196,46.76564156945917,0,0.0,True,Review,possible polyphony,"Review candidate: duration and level are favorable, but audition remains required.",0.5656791971867212
482,241.32498866213152,241.44108843537416,0.11609977324263039,-20.15457916548209,-31.426371911540745,0.034829931972789115,121.82413406286486,0,0.0,False,Review,candidate ranking only,Review candidate: no decisive automated exclusion.,0.5654603304996129
89,41.691428571428574,42.14421768707483,0.4527891156462585,-13.612957618220374,-22.24245455044332,0.023219954648526078,85.63106796116504,0,0.0,True,Review,possible polyphony,"Review candidate: duration and level are favorable, but audition remains required.",0.5654368080185785
257,133.38702947845806,134.08362811791383,0.6965986394557823,-12.92319061500639,-27.46505110121623,0.034829931972789115,94.43254817987152,0,0.0,False,Review,candidate ranking only,Likely use candidate: duration and level match the calibrated labeled set; no large pitch step detected.,0.5612876508649847
71,35.42204081632653,36.02575963718821,0.603718820861678,-13.4244270731618,-28.325796939830816,0.023219954648526078,140.44585987261146,0,0.0,False,Review,candidate ranking only,Likely use candidate: duration and level match the calibrated labeled set; no large pitch step detected.,0.5592778052215478
390,190.61696145124716,190.65179138321997,0.034829931972789115,-19.00621565979857,-28.029722227930538,0.008707482993197279,109.42928039702234,0,0.0,False,Review,candidate ranking only,Review candidate: no decisive automated exclusion.,0.5557630701023007
31,17.519455782312924,17.68199546485261,0.16253968253968254,-23.112289052396598,-35.347454635743915,0.023219954648526078,248.45267568082272,0,0.0,False,Review,candidate ranking only,Review candidate: no decisive automated exclusion.,0.5547222910097513
138,68.73106575963719,69.59020408163265,0.8591383219954648,-12.476019821783176,-27.459169247105027,0.046439909297052155,109.42928039702234,0,0.0,False,Review,candidate ranking only,Likely use candidate: duration and level match the calibrated labeled set; no large pitch step detected.,0.5542082000140658
258,134.1184580498866,134.74539682539682,0.626938775510204,-14.82303992920881,-26.304159873666435,0.034829931972789115,97.56637168141593,0,0.0,False,Review,candidate ranking only,Likely use candidate: duration and level match the calibrated labeled set; no large pitch step detected.,0.5538980699984585
6,2.6586848072562357,3.053424036281179,0.3947392290249433,-17.629535583400887,-26.384383056832604,0.011609977324263039,86.55552987403212,0,0.0,True,Review,possible polyphony,"Review candidate: duration and level are favorable, but audition remains required.",0.5535116072484587
464,232.9425850340136,233.23283446712017,0.29024943310657597,-22.79206997301124,-29.759236295355823,0.011609977324263039,44.95412844036697,0,0.0,True,Review,possible polyphony,"Review candidate: duration and level are favorable, but audition remains required.",0.5531263930986423
186,93.51836734693877,93.80861678004536,0.29024943310657597,-22.701155498053815,-29.85508817524361,0.011609977324263039,43.75,0,0.0,True,Review,possible polyphony,"Review candidate: duration and level are favorable, but audition remains required.",0.5530770190493388
266,137.93814058956917,138.66956916099772,0.7314285714285714,-13.970921911681152,-26.154092455348422,0.046439909297052155,98.21826280623608,0,0.0,False,Review,candidate ranking only,Likely use candidate: duration and level match the calibrated labeled set; no large pitch step detected.,0.5523099470326521
119,53.37106575963719,53.92834467120181,0.5572789115646258,-15.228150963485632,-26.980632768140534,0.06965986394557823,111.92893401015229,0,0.0,False,Review,candidate ranking only,Likely use candidate: duration and level match the calibrated labeled set; no large pitch step detected.,0.5509733871735343
413,204.87111111111113,205.0771882086168,0.20607709750566894,-16.212266574966282,-28.581250231360467,0.0072562358276643995,83.8403041825095,0,0.0,True,Review,possible polyphony,"Review candidate: duration and level are favorable, but audition remains required.",0.550885693614737
90,42.16743764172335,42.504126984126984,0.33668934240362813,-16.991752695131254,-30.94357393637449,0.034829931972789115,85.13513513513513,0,0.0,True,Review,possible polyphony,"Review candidate: duration and level are favorable, but audition remains required.",0.5491274593085254
402,198.996462585034,199.02693877551022,0.030476190476190476,-19.94135238828748,-27.43056552485853,0.008707482993197279,78.6096256684492,0,0.0,False,Review,candidate ranking only,Review candidate: no decisive automated exclusion.,0.5480495283515331
85,40.71619047619048,40.80907029478458,0.09287981859410431,-22.12048132576549,-32.617335687631154,0.0,72.05882352941177,0,0.0,False,Review,candidate ranking only,Review candidate: no decisive automated exclusion.,0.5455016484601378
120,53.92834467120181,54.497233560090706,0.5688888888888889,-16.196855431102257,-27.853538841750627,0.046439909297052155,119.1891891891892,0,0.0,False,Review,candidate ranking only,Likely use candidate: duration and level match the calibrated labeled set; no large pitch step detected.,0.5441672590855301
548,266.0542403628118,266.4721995464853,0.4179591836734694,-13.460558632041364,-23.363787125400258,0.06965986394557823,49.886877828054295,0,0.0,True,Review,possible polyphony,"Review candidate: duration and level are favorable, but audition remains required.",0.5441374948065361
134,67.04761904761905,67.89514739229026,0.8475283446712019,-14.843511732445283,-27.348663374258223,0.034829931972789115,98.21826280623608,0,0.0,False,Review,candidate ranking only,Likely use candidate: duration and level match the calibrated labeled set; no large pitch step detected.,0.5432483169601758
387,189.25714285714287,189.39791383219955,0.14077097505668934,-26.31938040194724,-32.43057234341683,0.010158730158730159,119.51219512195122,0,0.0,False,Review,candidate ranking only,Review candidate: no decisive automated exclusion.,0.5431127174443185
492,245.36526077097506,245.7251700680272,0.3599092970521542,-9.814360906089378,-19.34710436478527,0.25541950113378686,41.31148447289997,0,0.0,True,Review,possible polyphony,"Review candidate: duration and level are favorable, but audition remains required.",0.5400907029478459
53,27.945215419501135,28.16580498866213,0.22058956916099773,-26.341356099028474,-38.25132171165882,0.034829931972789115,245.0,0,0.0,False,Review,candidate ranking only,"Review candidate: duration and level are favorable, but audition remains required.",0.5398328590813357
557,268.67809523809524,269.11927437641725,0.44117913832199546,-14.14748133736822,-23.108174808185332,0.046439909297052155,93.82978723404256,0,0.0,True,Review,possible polyphony,"Review candidate: duration and level are favorable, but audition remains required.",0.5398243909254168
265,137.2299319727891,137.9265306122449,0.6965986394557823,-13.409519936256606,-29.150041832557626,0.034829931972789115,113.36760925449872,0,0.0,False,Review,candidate ranking only,Likely use candidate: duration and level match the calibrated labeled set; no large pitch step detected.,0.5395744503390686
189,95.94485260770975,96.397641723356,0.4527891156462585,-16.409878654197996,-24.521789129237806,0.0,41.33083411433927,0,0.0,True,Review,possible polyphony,"Review candidate: duration and level are favorable, but audition remains required.",0.5378942065193835
14,6.582857142857143,7.082086167800454,0.4992290249433107,-14.686821984605029,-30.113121180135956,0.11609977324263039,97.13703515028018,0,0.0,False,Review,candidate ranking only,"Review candidate: duration and level are favorable, but audition remains required.",0.5366717701666491
135,67.89514739229026,68.6033560090703,0.7082086167800453,-12.217933439658903,-26.092406415475097,0.08126984126984127,104.25531914893617,0,0.0,False,Review,candidate ranking only,Likely use candidate: duration and level match the calibrated labeled set; no large pitch step detected.,0.5356267601788187
21,12.027936507936507,13.363083900226757,1.3351473922902495,-13.87479875322683,-27.983488570061454,0.046439909297052155,98.21826280623608,0,0.0,False,Review,candidate ranking only,Likely use candidate: duration and level match the calibrated labeled set; no large pitch step detected.,0.534977217470065
111,49.69070294784581,50.155102040816324,0.46439909297052157,-13.10343670414966,-22.46472351342819,0.046439909297052155,73.37770382695507,0,0.0,True,Review,possible polyphony,"Review candidate: duration and level are favorable, but audition remains required.",0.5334793955566477
260,134.83827664399092,135.69741496598638,0.8591383219954648,-15.661123502734988,-28.673553288399876,0.023219954648526078,103.76470588235294,0,0.0,False,Review,candidate ranking only,Likely use candidate: duration and level match the calibrated labeled set; no large pitch step detected.,0.5334332774401254
64,32.995555555555555,33.52961451247165,0.5340589569160997,-9.087492226598522,-23.272565071076883,0.5224489795918368,92.9400399733511,0,0.0,False,Review,candidate ranking only,Likely use candidate: duration and level match the calibrated labeled set; no large pitch step detected.,0.5332153923731314
264,136.54784580498864,136.66394557823128,0.11609977324263039,-25.9382885948638,-31.638805605589347,0.0072562358276643995,107.4301228413744,0,0.0,False,Review,candidate ranking only,Review candidate: no decisive automated exclusion.,0.5330725954104345
408,201.8162358276644,201.84816326530614,0.03192743764172336,-21.007292948045702,-28.0177277890943,0.008707482993197279,74.49324324324324,0,0.0,False,Review,candidate ranking only,Review candidate: no decisive automated exclusion.,0.532969747277126
495,246.34049886621315,246.43628117913832,0.09578231292517007,-9.944145350036168,-20.107180495681423,0.06385487528344672,41.76136363636363,0,0.0,True,Review,possible polyphony,Review flag: possible polyphony.,0.5308556326849092
486,242.61369614512472,243.17097505668934,0.5572789115646258,-17.08031769131596,-29.801669147754847,0.046439909297052155,100.68493150684931,0,0.0,False,Review,candidate ranking only,Likely use candidate: duration and level match the calibrated labeled set; no large pitch step detected.,0.5274613107476139
520,255.51238095238097,255.98839002267573,0.47600907029478456,-15.203700870949424,-24.507440884046655,0.34829931972789113,94.02985074626865,0,0.0,False,Review,candidate ranking only,"Review candidate: duration and level are favorable, but audition remains required.",0.5268795121552546
274,143.36,143.94049886621315,0.5804988662131519,-16.118511581667537,-30.027507545663333,0.034829931972789115,152.06896551724137,0,0.0,False,Review,candidate ranking only,Likely use candidate: duration and level match the calibrated labeled set; no large pitch step detected.,0.5232110105407503
496,246.44063492063492,246.59591836734694,0.15528344671201813,-10.838129328544564,-18.331319237432457,0.12480725623582767,41.29213483146067,0,0.0,True,Review,possible polyphony,Review flag: possible polyphony.,0.5220948971907449
241,126.29188208616779,126.33541950113379,0.04353741496598639,-21.759276517278646,-29.414747712457135,0.010158730158730159,60.16371077762619,0,0.0,False,Review,candidate ranking only,Review candidate: no decisive automated exclusion.,0.5216384425098983
273,142.57052154195011,143.16263038548752,0.592108843537415,-15.756547139811612,-28.265738270119524,0.046439909297052155,140.89456869009584,0,0.0,False,Review,candidate ranking only,Likely use candidate: duration and level match the calibrated labeled set; no large pitch step detected.,0.5212283930662215
78,37.29124716553288,37.89496598639456,0.603718820861678,-15.47493902003956,-27.806731016331725,0.046439909297052155,120.82191780821918,0,0.0,False,Review,candidate ranking only,Likely use candidate: duration and level match the calibrated labeled set; no large pitch step detected.,0.520743390339235
497,246.60172335600907,246.6684807256236,0.06675736961451247,-11.769808931588843,-18.232747081421685,0.029024943310657598,42.0,0,0.0,True,Review,possible polyphony,Review flag: possible polyphony.,0.5200343369879665
574,277.51328798185943,278.0357369614512,0.5224489795918368,-17.28925681152546,-32.75521448260957,0.058049886621315196,151.5463917525773,0,0.0,False,Review,candidate ranking only,Likely use candidate: duration and level match the calibrated labeled set; no large pitch step detected.,0.5190564208454977
96,43.89732426303855,44.268843537414966,0.37151927437641724,-18.129924713677102,-29.716891870545915,0.034829931972789115,65.91928251121077,0,0.0,True,Review,possible polyphony,"Review candidate: duration and level are favorable, but audition remains required.",0.5151826278085634
269,140.26013605442176,140.9451247165533,0.6849886621315193,-15.745170727395424,-28.149451932417236,0.046439909297052155,120.16348773841962,0,0.0,False,Review,candidate ranking only,Likely use candidate: duration and level match the calibrated labeled set; no large pitch step detected.,0.5146138641048212
377,183.4724716553288,183.5508390022676,0.0783673469387755,-24.561923244899425,-31.553913084237063,0.0029024943310657597,112.21374045801527,0,0.0,False,Review,candidate ranking only,Review candidate: no decisive automated exclusion.,0.5143064893163449
525,257.6370068027211,258.0781859410431,0.44117913832199546,-13.838210026057178,-23.72581496685081,0.06965986394557823,69.66824644549763,0,0.0,True,Review,possible polyphony,"Review candidate: duration and level are favorable, but audition remains required.",0.5135207478033463
37,19.806621315192743,20.038820861678005,0.23219954648526078,-28.09720449320938,-40.47375051096432,0.034829931972789115,163.33333333333334,0,0.0,False,Review,candidate ranking only,"Review candidate: duration and level are favorable, but audition remains required.",0.5116600644707346
498,246.6742857142857,246.74104308390022,0.06675736961451247,-12.634634659915168,-19.09394143748997,0.029024943310657598,41.92015209125475,0,0.0,True,Review,possible polyphony,Review flag: possible polyphony.,0.5113860797047032
271,141.10766439909298,141.74621315192744,0.6385487528344671,-17.14877076605211,-28.2400152492065,0.034829931972789115,128.19767441860466,0,0.0,False,Review,candidate ranking only,Likely use candidate: duration and level match the calibrated labeled set; no large pitch step detected.,0.5112822078746249
98,44.46621315192744,44.756462585034015,0.29024943310657597,-24.245077550784583,-31.412627668883047,0.023219954648526078,59.91847826086956,0,0.0,True,Review,possible polyphony,"Review candidate: duration and level are favorable, but audition remains required.",0.5104524262613737
494,245.9109297052154,246.34049886621315,0.4295691609977324,-13.616770284740616,-22.119228234382717,0.10448979591836735,60.41095890410959,0,0.0,True,Review,possible polyphony,"Review candidate: duration and level are favorable, but audition remains required.",0.5085810578926668
347,170.16743764172335,170.60861678004534,0.44117913832199546,-24.53060658595983,-37.0376623783277,0.034829931972789115,196.0,0,0.0,False,Review,candidate ranking only,"Review candidate: duration and level are favorable, but audition remains required.",0.5083082400623401
499,246.74684807256236,246.81360544217688,0.06675736961451247,-13.190139774548037,-19.68984364009976,0.029024943310657598,41.88034188034188,0,0.0,True,Review,possible polyphony,Review flag: possible polyphony.,0.5058310285583745
92,42.666666666666664,42.92208616780045,0.25541950113378686,-23.806899039766208,-31.2234923339504,0.0,80.47445255474453,0,0.0,True,Review,possible polyphony,"Review candidate: duration and level are favorable, but audition remains required.",0.5051155873966209
447,226.02303854875282,226.24362811791383,0.22058956916099773,-20.244083269892105,-28.145639158967573,0.034829931972789115,54.31067431067431,0,0.0,True,Review,possible polyphony,"Review candidate: duration and level are favorable, but audition remains required.",0.5018624128996119
19,9.47374149659864,10.031020408163265,0.5572789115646258,-17.14113817361188,-32.34513727629397,0.046439909297052155,97.78270509977827,0,0.0,False,Review,candidate ranking only,Likely use candidate: duration and level match the calibrated labeled set; no large pitch step detected.,0.5014184246392636
545,265.04417233560093,265.53179138321997,0.4876190476190476,-13.76290587739966,-22.9387676269377,0.046439909297052155,60.86959420842065,0,0.0,True,Review,possible polyphony,"Review candidate: duration and level are favorable, but audition remains required.",0.4989243080405266
263,136.50866213151926,136.54784580498864,0.03918367346938775,-22.683086239117838,-30.539942032336704,0.010158730158730159,108.08823529411765,0,0.0,False,Review,candidate ranking only,Review candidate: no decisive automated exclusion.,0.4967946605961121
151,77.75201814058957,78.0538775510204,0.301859410430839,-26.324869115961206,-32.69044892550814,0.011609977324263039,56.214171974522294,0,0.0,True,Review,possible polyphony,"Review candidate: duration and level are favorable, but audition remains required.",0.4963774318302045
524,257.4976870748299,257.6370068027211,0.13931972789115646,-15.117152526274861,-23.67826523994131,0.058049886621315196,70.67307692307692,0,0.0,True,Review,possible polyphony,Review flag: possible polyphony.,0.4933156636076795
324,163.178231292517,163.3639909297052,0.18575963718820862,-26.775600045831368,-39.258096111554934,0.034829931972789115,250.5681818181818,0,0.0,False,Review,candidate ranking only,Review candidate: no decisive automated exclusion.,0.49059274364155653
83,40.04281179138322,40.34467120181406,0.301859410430839,-26.839445830134466,-32.994618872871165,0.011609977324263039,68.05555555555556,0,0.0,True,Review,possible polyphony,"Review candidate: duration and level are favorable, but audition remains required.",0.48818996521484165
512,252.49378684807257,253.19038548752835,0.6965986394557823,-17.275686620735648,-30.79828315237391,0.034829931972789115,151.5463917525773,0,0.0,False,Review,candidate ranking only,Likely use candidate: duration and level match the calibrated labeled set; no large pitch step detected.,0.48443037029611535
391,190.6532426303855,190.7374149659864,0.08417233560090703,-26.7698190874562,-32.21540480586623,0.010158730158730159,111.92893401015229,0,0.0,False,Review,candidate ranking only,Review candidate: no decisive automated exclusion.,0.4841613665089526
124,56.321451247165534,56.38530612244898,0.06385487528344672,-26.281056212785327,-31.523275905083725,0.004353741496598639,108.08823529411765,0,0.0,False,Review,candidate ranking only,Review candidate: no decisive automated exclusion.,0.48145781260815756
233,122.60716553287982,123.15428571428572,0.5471201814058957,-12.552153397047217,-22.02501515223784,0.029024943310657598,45.32374100719424,0,0.0,True,Review,possible polyphony,Likely use candidate: duration and level match the calibrated labeled set; no large pitch step detected.,0.4780831897905961
369,182.13151927437642,182.18956916099773,0.058049886621315196,-26.440940637946007,-31.641913341024008,0.004353741496598639,116.66666666666667,0,0.0,False,Review,candidate ranking only,Review candidate: no decisive automated exclusion.,0.47286760533501637
149,77.48643990929705,77.6431746031746,0.156734693877551,-19.502409203376885,-27.27435180343184,0.01886621315192744,56.53846153846154,0,0.0,True,Review,possible polyphony,Review flag: possible polyphony.,0.4701008706575363
141,70.34485260770975,71.23882086167801,0.893968253968254,-15.432534267119351,-30.62648962626885,0.06965986394557823,120.82191780821918,0,0.0,False,Review,candidate ranking only,Likely use candidate: duration and level match the calibrated labeled set; no large pitch step detected.,0.4697498971205397
173,88.2358276643991,88.53768707482993,0.301859410430839,-27.287733632119355,-34.66673238505082,0.011609977324263039,49.30130103858123,0,0.0,True,Review,possible polyphony,"Review candidate: duration and level are favorable, but audition remains required.",0.4669859520731962
143,73.00353741496599,73.7814058956916,0.7778684807256235,-16.81728665313608,-33.02026769451857,0.034829931972789115,147.0,0,0.0,False,Review,candidate ranking only,Likely use candidate: duration and level match the calibrated labeled set; no large pitch step detected.,0.4667945245506644
178,92.42412698412699,93.35147392290249,0.9273469387755102,-9.603606697205633,-20.32445086074828,0.030476190476190476,44.05594405594405,0,0.0,True,Review,possible polyphony,Likely use candidate: duration and level match the calibrated labeled set; no large pitch step detected.,0.4662793009163267
493,245.7251700680272,245.9109297052154,0.18575963718820862,-13.520694845516488,-22.180884899485758,0.16253968253968254,40.49586776859504,0,0.0,True,Review,possible polyphony,Review flag: possible polyphony.,0.46620415719850355
321,162.28426303854874,162.4584126984127,0.17414965986394557,-27.244900697508672,-40.21371367702596,0.034829931972789115,103.6833855799373,0,0.0,False,Review,candidate ranking only,Review candidate: no decisive automated exclusion.,0.4647335841458101
20,11.296507936507936,11.95827664399093,0.6617687074829932,-19.04649949243347,-30.057202944869175,0.046439909297052155,131.25,0,0.0,False,Review,candidate ranking only,Likely use candidate: duration and level match the calibrated labeled set; no large pitch step detected.,0.4625230663299214
122,54.60172335600907,55.27510204081633,0.6733786848072563,-18.6609127388138,-31.68946619603503,0.034829931972789115,98.21826280623608,0,0.0,False,Review,candidate ranking only,Likely use candidate: duration and level match the calibrated labeled set; no large pitch step detected.,0.46166627867872256
133,65.56154195011338,66.03755102040816,0.47600907029478456,-23.543854094269246,-38.054381272185545,0.046439909297052155,154.73684210526315,0,0.0,False,Review,candidate ranking only,"Review candidate: duration and level are favorable, but audition remains required.",0.46156866674361535
155,79.14521541950114,80.09287981859411,0.9476643990929705,-9.135923867746953,-21.91958656045712,0.021768707482993196,53.32527206771463,0,0.0,True,Review,possible polyphony,Likely use candidate: duration and level match the calibrated labeled set; no large pitch step detected.,0.45903542691243565
95,43.51419501133787,43.769614512471655,0.25541950113378686,-26.396539827455623,-33.56038209292622,0.0,68.47826086956522,0,0.0,True,Review,possible polyphony,"Review candidate: duration and level are favorable, but audition remains required.",0.4558502819299685
541,263.6045351473923,264.0224943310658,0.4179591836734694,-20.057978841110145,-27.97967415040582,0.046439909297052155,73.25581395348837,0,0.0,True,Review,possible polyphony,"Review candidate: duration and level are favorable, but audition remains required.",0.4552243771143187
126,57.36489795918367,58.38657596371882,1.0216780045351475,-17.384846455060654,-32.52061386127838,0.046439909297052155,112.78772378516624,0,0.0,False,Review,candidate ranking only,Likely use candidate: duration and level match the calibrated labeled set; no large pitch step detected.,0.45450548753955755
314,160.39183673469387,160.5775963718821,0.18575963718820862,-28.09720449320938,-40.54366204235984,0.046439909297052155,76.42980935875217,0,0.0,False,Review,candidate ranking only,Review candidate: no decisive automated exclusion.,0.4529110625354643
45,23.336054421768708,23.4637641723356,0.12770975056689343,-25.388880617673774,-38.67564349680162,0.034829931972789115,74.18003565062389,0,0.0,False,Review,candidate ranking only,Review candidate: no decisive automated exclusion.,0.45223457744935036
313,159.55591836734695,159.71845804988664,0.16253968253968254,-27.864681133737825,-39.86453700699003,0.034829931972789115,71.22265467031056,0,0.0,False,Review,candidate ranking only,Review candidate: no decisive automated exclusion.,0.45041756915961495
394,191.87809523809523,193.015873015873,1.1377777777777778,-17.85021931496456,-33.94584658040844,0.034829931972789115,108.35380835380835,0,0.0,False,Review,candidate ranking only,Likely use candidate: duration and level match the calibrated labeled set; no large pitch step detected.,0.4472094090734809
142,71.23882086167801,72.85260770975057,1.6137868480725623,-13.027087230709409,-31.87241386182479,0.10448979591836735,129.1364408087668,0,0.0,False,Review,candidate ranking only,Likely use candidate: duration and level match the calibrated labeled set; no large pitch step detected.,0.44651519315629074
470,237.78104308390022,238.36879818594105,0.5877551020408164,-11.06445407219266,-19.931916152591306,0.05514739229024943,41.38902835398885,0,0.0,True,Review,possible polyphony,Likely use candidate: duration and level match the calibrated labeled set; no large pitch step detected.,0.44645296494700754
354,172.37333333333333,172.86095238095237,0.4876190476190476,-25.5380409455678,-37.64190827549592,0.034829931972789115,179.26829268292684,0,0.0,False,Review,candidate ranking only,"Review candidate: duration and level are favorable, but audition remains required.",0.445751528197526
144,73.96716553287982,74.77986394557823,0.8126984126984127,-15.123198038708278,-31.08390722806802,0.09287981859410431,154.1958041958042,0,0.0,False,Review,candidate ranking only,Likely use candidate: duration and level match the calibrated labeled set; no large pitch step detected.,0.4450491287381327
489,244.16217687074828,244.59174603174603,0.4295691609977324,-11.634192709255654,-20.928851787887663,0.33378684807256237,81.81818181818181,0,0.0,True,Review,possible polyphony,"Review candidate: duration and level are favorable, but audition remains required.",0.44480039403083443
378,183.55229024943313,183.6045351473923,0.052244897959183675,-27.51141697116963,-33.14408829724811,0.004353741496598639,112.78772378516624,0,0.0,False,Review,candidate ranking only,Review candidate: no decisive automated exclusion.,0.44133610377840765
148,76.58086167800454,77.4791836734694,0.8983219954648526,-10.918816727263023,-23.362391721374912,0.01596371882086168,58.48806366047745,0,0.0,True,Review,possible polyphony,Likely use candidate: duration and level match the calibrated labeled set; no large pitch step detected.,0.441224196692759
242,126.37460317460318,127.14086167800454,0.7662585034013606,-12.449307684980024,-23.596333868384654,0.0,59.67523680649526,0,0.0,True,Review,possible polyphony,Likely use candidate: duration and level match the calibrated labeled set; no large pitch step detected.,0.4395435844663533
396,193.62975056689345,193.70521541950114,0.07546485260770976,-28.97502769073445,-33.2169474585216,0.014512471655328799,103.76470588235294,0,0.0,False,Review,candidate ranking only,Review candidate: no decisive automated exclusion.,0.4390326294598204
500,246.819410430839,247.30702947845805,0.4876190476190476,-12.59612126247908,-21.4109537143094,0.13786848072562358,51.30891788721337,0,0.0,True,Review,possible polyphony,"Review candidate: duration and level are favorable, but audition remains required.",0.43444172188744395
239,125.56190476190476,126.19755102040816,0.6356462585034014,-13.29117501647588,-22.655008005377212,0.010158730158730159,54.98753117206982,0,0.0,True,Review,possible polyphony,Likely use candidate: duration and level match the calibrated labeled set; no large pitch step detected.,0.4303794396227389
451,227.49750566893425,227.99673469387756,0.4992290249433107,-16.462637814008787,-27.159288571020817,0.034829931972789115,51.94353496115427,0,0.0,True,Review,possible polyphony,"Review candidate: duration and level are favorable, but audition remains required.",0.42972177923360416
366,180.75573696145125,180.77895691609976,0.023219954648526078,-27.08163865449486,-32.16864848946553,0.0014512471655328798,122.5,0,0.0,False,Review,candidate ranking only,Review candidate: no decisive automated exclusion.,0.4292658360433893
429,214.42031746031745,214.4609523809524,0.040634920634920635,-15.51596982500682,-24.794868315841732,0.008707482993197279,46.76564156945917,0,0.0,True,Review,possible polyphony,Review flag: possible polyphony.,0.42881905623323785
40,21.106938775510205,21.31591836734694,0.2089795918367347,-31.79244720669951,-42.951712801921396,0.034829931972789115,190.08620689655172,0,0.0,False,Review,candidate ranking only,Review candidate: no decisive automated exclusion.,0.4267080597777365
467,235.84507936507936,236.32108843537415,0.47600907029478456,-17.402518667948492,-26.540527198475573,0.058049886621315196,41.25350795135641,0,0.0,True,Review,possible polyphony,"Review candidate: duration and level are favorable, but audition remains required.",0.42651058441965956
188,95.20181405895691,95.94485260770975,0.7430385487528345,-11.225113662877108,-20.37221044297944,0.058049886621315196,41.369606003752345,0,0.0,True,Review,possible polyphony,Likely use candidate: duration and level match the calibrated labeled set; no large pitch step detected.,0.4259768723201193
229,118.83972789115646,120.14004535147393,1.3003174603174603,-10.411222791896147,-23.82758374203408,0.034829931972789115,52.43757431629013,0,0.0,True,Review,possible polyphony,Likely use candidate: duration and level match the calibrated labeled set; no large pitch step detected.,0.4227820026879086
371,182.22585034013605,182.2679365079365,0.04208616780045352,-28.253466401525532,-33.24693373991392,0.004353741496598639,116.9761273209549,0,0.0,False,Review,candidate ranking only,Review candidate: no decisive automated exclusion.,0.4227284248894604
388,189.39936507936508,189.44,0.040634920634920635,-28.560469558468647,-33.233731474814256,0.0014512471655328798,119.83695652173913,0,0.0,False,Review,candidate ranking only,Review candidate: no decisive automated exclusion.,0.42124166313655875
477,240.81560090702948,240.83591836734692,0.020317460317460317,-27.845037198554383,-31.864943540716077,0.004353741496598639,95.04310344827586,0,0.0,False,Review,candidate ranking only,Review candidate: no decisive automated exclusion.,0.41886391142815715
468,236.32108843537415,236.7738775510204,0.4527891156462585,-21.412494708999404,-29.205504312911025,0.023219954648526078,41.25350795135641,0,0.0,True,Review,possible polyphony,"Review candidate: duration and level are favorable, but audition remains required.",0.4178109394861111
51,26.076009070294784,26.21532879818594,0.13931972789115646,-29.34016262818627,-40.493731243427,0.023219954648526078,250.5681818181818,0,0.0,False,Review,candidate ranking only,Review candidate: no decisive automated exclusion.,0.4177608345264977
531,259.3901133786848,259.92417233560093,0.5340589569160997,-13.104635005819226,-23.619201138731402,0.08126984126984127,77.50439367311073,0,0.0,True,Review,possible polyphony,Likely use candidate: duration and level match the calibrated labeled set; no large pitch step detected.,0.4174328403685527
380,184.80761904761906,185.75963718820861,0.9520181405895691,-19.134827288531046,-34.59170227763467,0.046439909297052155,108.48724900449038,0,0.0,False,Review,candidate ranking only,Likely use candidate: duration and level match the calibrated labeled set; no large pitch step detected.,0.41629479504129074
222,117.01696145124717,117.37687074829932,0.3599092970521542,-25.875498757778985,-34.25329126678966,0.023219954648526078,52.15850434344706,0,0.0,True,Review,possible polyphony,"Review candidate: duration and level are favorable, but audition remains required.",0.4155828480536334
232,121.8510657596372,122.56507936507937,0.7140136054421768,-13.199827091473637,-22.40605565384334,0.029024943310657598,41.33083411433927,0,0.0,True,Review,possible polyphony,Likely use candidate: duration and level match the calibrated labeled set; no large pitch step detected.,0.4149162292361727
234,123.1586394557823,123.27473922902493,0.11609977324263039,-21.52550390232499,-27.584692293439204,0.010158730158730159,45.32374100719424,0,0.0,True,Review,possible polyphony,Review flag: possible polyphony.,0.4148390811262583
344,169.13414965986394,169.61015873015873,0.47600907029478456,-24.86288181115263,-39.25919836305761,0.06965986394557823,206.07476635514018,0,0.0,False,Review,candidate ranking only,"Review candidate: duration and level are favorable, but audition remains required.",0.4131102640175348
479,240.8692970521542,240.88961451247164,0.020317460317460317,-27.111641757343023,-32.167754089848515,0.014512471655328799,93.4322033898305,0,0.0,False,Review,candidate ranking only,Review candidate: no decisive automated exclusion.,0.4130110301902162
423,211.05342403628117,211.07954648526078,0.026122448979591838,-16.138881080089618,-24.02664252564819,0.011609977324263039,60.995850622406635,0,0.0,True,Review,possible polyphony,Review flag: possible polyphony.,0.4128572355979508
401,197.59020408163266,198.4609523809524,0.8707482993197279,-21.19687644755702,-34.11222776046544,0.034829931972789115,90.0920245398773,0,0.0,False,Review,candidate ranking only,Likely use candidate: duration and level match the calibrated labeled set; no large pitch step detected.,0.4120790259469863
235,123.30086167800452,123.8595918367347,0.5587301587301587,-15.787501294886958,-25.317330396886412,0.01886621315192744,47.93478260869565,0,0.0,True,Review,possible polyphony,Likely use candidate: duration and level match the calibrated labeled set; no large pitch step detected.,0.41135531120018015
130,61.219410430839005,62.31074829931973,1.0913378684807256,-18.989682350261027,-33.12890588545608,0.06965986394557823,130.08849557522123,0,0.0,False,Review,candidate ranking only,Likely use candidate: duration and level match the calibrated labeled set; no large pitch step detected.,0.40915425369725067
392,190.74757369614514,190.785306122449,0.03773242630385488,-29.347935236882176,-33.40111593056358,0.004353741496598639,112.78772378516624,0,0.0,False,Review,candidate ranking only,Review candidate: no decisive automated exclusion.,0.4058881731327987
168,84.38131519274377,85.9718820861678,1.5905668934240362,-9.023583639714236,-23.625781785879333,0.058049886621315196,49.163879598662206,0,0.0,True,Review,possible polyphony,Likely use candidate: duration and level match the calibrated labeled set; no large pitch step detected.,0.40569229551989144
398,194.8154195011338,195.77904761904762,0.9636281179138322,-19.6360991232191,-35.16311645347023,0.046439909297052155,98.21826280623608,0,0.0,False,Review,candidate ranking only,Likely use candidate: duration and level match the calibrated labeled set; no large pitch step detected.,0.40556793493605453
478,240.83736961451245,240.86784580498866,0.030476190476190476,-27.4737340936786,-32.57912567348258,0.024671201814058956,94.83870967741936,0,0.0,False,Review,candidate ranking only,Review candidate: no decisive automated exclusion.,0.40527639099051976
125,56.423038548752835,56.46222222222222,0.03918367346938775,-28.768912163327354,-33.238565766454336,0.014512471655328799,108.62068965517241,0,0.0,False,Review,candidate ranking only,Review candidate: no decisive automated exclusion.,0.40459642251624206
207,98.09269841269841,98.63836734693878,0.5456689342403628,-7.826742855258661,-17.873962604168092,0.1509297052154195,53.3575512880946,0,0.0,True,Review,possible polyphony,Likely use candidate: duration and level match the calibrated labeled set; no large pitch step detected.,0.40340136054421766
250,128.8126984126984,129.52090702947845,0.7082086167800453,-14.234395279703481,-25.629694838006326,0.0,71.24394184168013,0,0.0,True,Review,possible polyphony,Likely use candidate: duration and level match the calibrated labeled set; no large pitch step detected.,0.4013590988229018
128,58.848072562358276,58.8843537414966,0.036281179138321996,-29.616429566687952,-33.45120273735533,0.004353741496598639,119.1891891891892,0,0.0,False,Review,candidate ranking only,Review candidate: no decisive automated exclusion.,0.4012511146012906
4,1.2770975056689342,1.8692063492063493,0.592108843537415,-14.473782618936259,-25.03589597835788,0.011609977324263039,67.68998614684347,0,0.0,True,Review,possible polyphony,Likely use candidate: duration and level match the calibrated labeled set; no large pitch step detected.,0.4011843931653806
379,183.60888888888888,183.6480725623583,0.03918367346938775,-29.255119860695,-33.61011921803144,0.010158730158730159,112.5,0,0.0,False,Review,candidate ranking only,Review candidate: no decisive automated exclusion.,0.4003725525233931
16,7.63936507936508,8.057324263038549,0.4179591836734694,-22.67586904747862,-34.444332036972796,0.011609977324263039,83.8403041825095,0,0.0,True,Review,possible polyphony,"Review candidate: duration and level are favorable, but audition remains required.",0.39922882815775335
421,209.4439909297052,209.9954648526077,0.5514739229024943,-15.709512985203247,-28.255978152249615,0.010158730158730159,72.05882352941177,0,0.0,True,Review,possible polyphony,Likely use candidate: duration and level match the calibrated labeled set; no large pitch step detected.,0.3987124355642469
425,212.78185941043083,212.80798185941043,0.026122448979591838,-17.43402499000384,-24.336188959072594,0.010158730158730159,250.5681818181818,0,0.0,True,Review,possible polyphony,Review flag: possible polyphony.,0.39826157933009726
430,214.46385487528346,214.5726984126984,0.10884353741496598,-21.69782330873921,-28.713783716928663,0.0072562358276643995,62.73115220483641,0,0.0,True,Review,possible polyphony,Review flag: possible polyphony.,0.39747123133062284
370,182.19102040816327,182.22439909297051,0.03337868480725623,-27.831965879852643,-32.7807808675868,0.030476190476190476,116.66666666666667,0,0.0,False,Review,candidate ranking only,Review candidate: no decisive automated exclusion.,0.3967750268566713
17,8.080544217687075,8.649433106575964,0.5688888888888889,-14.914069355605289,-25.299528898942178,0.034829931972789115,88.02395209580838,0,0.0,True,Review,possible polyphony,Likely use candidate: duration and level match the calibrated labeled set; no large pitch step detected.,0.39414519659284736
262,136.42448979591836,136.45206349206347,0.027573696145124716,-28.783473591110006,-33.28479723904853,0.013061224489795919,98.65771812080537,0,0.0,False,Review,candidate ranking only,Review candidate: no decisive automated exclusion.,0.3938297633537435
145,75.00045351473923,75.59256235827664,0.592108843537415,-22.106957166337146,-33.80379335272277,0.058049886621315196,161.835407239819,0,0.0,False,Review,candidate ranking only,Likely use candidate: duration and level match the calibrated labeled set; no large pitch step detected.,0.39073376465067067
187,93.80861678004536,94.23818594104308,0.4295691609977324,-24.711099098961597,-33.297606989048546,0.0,43.70664023785927,0,0.0,True,Review,possible polyphony,"Review candidate: duration and level are favorable, but audition remains required.",0.3903437781221661
527,258.4148752834467,258.5077551020408,0.09287981859410431,-21.47195518372852,-28.79034061047889,0.0,65.04424778761062,0,0.0,True,Review,possible polyphony,Review flag: possible polyphony.,0.3902568606520302
367,180.7804081632653,180.80072562358276,0.020317460317460317,-28.930446465552922,-33.41125736018112,0.008707482993197279,122.5,0,0.0,False,Review,candidate ranking only,Review candidate: no decisive automated exclusion.,0.38819293906692265
442,224.5601814058957,224.97814058956916,0.4179591836734694,-23.335114893883535,-32.60115788924462,0.034829931972789115,56.53846153846154,0,0.0,True,Review,possible polyphony,"Review candidate: duration and level are favorable, but audition remains required.",0.3878481565224599
247,127.58494331065761,127.72861678004536,0.1436734693877551,-23.429017318051134,-29.62138095230459,0.026122448979591838,62.73115220483641,0,0.0,True,Review,possible polyphony,Review flag: possible polyphony.,0.38704703770460597
22,13.432743764172336,14.210612244897959,0.7778684807256235,-13.39835634932285,-24.422312382505996,0.034829931972789115,82.58426966292134,0,0.0,True,Review,possible polyphony,Likely use candidate: duration and level match the calibrated labeled set; no large pitch step detected.,0.3869633807089224
555,268.35301587301586,268.4691156462585,0.11609977324263039,-22.339781707029896,-30.613995416778327,0.0,77.03684412522617,0,0.0,True,Review,possible polyphony,Review flag: possible polyphony.,0.3865620020045481
569,274.79655328798185,275.3654421768708,0.5688888888888889,-13.868253737742656,-25.962104645161475,0.046439909297052155,69.66824644549763,0,0.0,True,Review,possible polyphony,Likely use candidate: duration and level match the calibrated labeled set; no large pitch step detected.,0.3863676179850177
335,167.0095238095238,167.5784126984127,0.5688888888888889,-20.789766915345883,-34.42730515582048,0.09287981859410431,222.72727272727272,0,0.0,False,Review,candidate ranking only,Likely use candidate: duration and level match the calibrated labeled set; no large pitch step detected.,0.3860605718053432
272,141.74621315192744,142.40798185941043,0.6617687074829932,-21.163474977967844,-32.30763314546684,0.08126984126984127,136.11111111111111,0,0.0,False,Review,candidate ranking only,Likely use candidate: duration and level match the calibrated labeled set; no large pitch step detected.,0.38401907749581193
101,45.3253514739229,45.731700680272105,0.40634920634920635,-22.869180469896058,-33.57395637293304,0.046439909297052155,73.19507115584867,0,0.0,True,Review,possible polyphony,"Review candidate: duration and level are favorable, but audition remains required.",0.3827795159254505
339,168.06603174603174,168.53043083900226,0.46439909297052157,-27.549264044723728,-39.986388374253195,0.08126984126984127,216.1764705882353,0,0.0,False,Review,candidate ranking only,"Review candidate: duration and level are favorable, but audition remains required.",0.37897454156986793
530,259.25079365079364,259.33206349206347,0.08126984126984127,-19.815884452038816,-30.447038892555454,0.0,57.57180156657964,0,0.0,True,Review,possible polyphony,Review flag: possible polyphony.,0.3786406078238986
364,178.40761904761905,178.42938775510206,0.021768707482993196,-29.83572033523849,-34.059471113939914,0.004353741496598639,135.27607361963192,0,0.0,False,Review,candidate ranking only,Review candidate: no decisive automated exclusion.,0.3784630514946105
389,189.44145124716553,189.46902494331064,0.027573696145124716,-29.640523589455366,-33.57244175397529,0.017414965986394557,121.15384615384616,0,0.0,False,Review,candidate ranking only,Review candidate: no decisive automated exclusion.,0.37802907672442365
365,179.33931972789117,180.38421768707482,1.0448979591836736,-22.181601989809007,-35.44811271694431,0.046439909297052155,127.82608695652173,0,0.0,False,Review,candidate ranking only,Likely use candidate: duration and level match the calibrated labeled set; no large pitch step detected.,0.3772629436354147
81,38.76571428571429,39.25333333333333,0.4876190476190476,-17.57924077212705,-32.499321623344564,0.034829931972789115,65.43026706231454,0,0.0,True,Review,possible polyphony,"Review candidate: duration and level are favorable, but audition remains required.",0.37676539645344714
372,182.26938775510203,182.30131519274377,0.03192743764172336,-29.489044850724547,-33.873737569687336,0.021768707482993196,117.9144385026738,0,0.0,False,Review,candidate ranking only,Review candidate: no decisive automated exclusion.,0.37653090595461136
219,113.51074829931973,116.44807256235828,2.9373242630385485,-10.14040216324976,-27.65784165607436,0.046439909297052155,69.66824644549763,0,0.0,True,Review,possible polyphony,Likely use candidate: duration and level match the calibrated labeled set; no large pitch step detected.,0.3755776525097066
132,63.86648526077097,64.59791383219955,0.7314285714285714,-22.30169323219558,-35.62902177157071,0.046439909297052155,147.0,0,0.0,False,Review,candidate ranking only,Likely use candidate: duration and level match the calibrated labeled set; no large pitch step detected.,0.3742529406652849
254,131.13469387755103,131.83854875283447,0.7038548752834467,-16.111732350386376,-25.336986098149644,0.011609977324263039,79.17414721723519,0,0.0,True,Review,possible polyphony,Likely use candidate: duration and level match the calibrated labeled set; no large pitch step detected.,0.3739028381903768
212,105.37215419501133,106.1384126984127,0.7662585034013606,-20.591732107247665,-38.724663212816836,0.034829931972789115,95.45454545454545,0,0.0,False,Review,candidate ranking only,Likely use candidate: duration and level match the calibrated labeled set; no large pitch step detected.,0.37200611482656587
361,175.7750566893424,176.54131519274375,0.7662585034013606,-23.58781314186737,-35.735692378658214,0.034829931972789115,149.4915254237288,0,0.0,False,Review,candidate ranking only,Likely use candidate: duration and level match the calibrated labeled set; no large pitch step detected.,0.37193501282195507
140,70.1663492063492,70.19537414965986,0.029024943310657598,-29.737573645343605,-33.52143734062502,0.026122448979591838,115.14360313315927,0,0.0,False,Review,candidate ranking only,Review candidate: no decisive automated exclusion.,0.3703123844713795
15,7.082086167800454,7.63936507936508,0.5572789115646258,-16.179763946567263,-28.90197934565847,0.023219954648526078,88.73239436619718,0,0.0,True,Review,possible polyphony,Likely use candidate: duration and level match the calibrated labeled set; no large pitch step detected.,0.36868370086459074
465,233.23283446712017,233.66240362811791,0.4295691609977324,-25.65924137213463,-33.506391879157555,0.011609977324263039,44.908350305498985,0,0.0,True,Review,possible polyphony,"Review candidate: duration and level are favorable, but audition remains required.",0.36716452916508274
393,190.78675736961452,190.8085260770975,0.021768707482993196,-29.968331913218755,-33.735805487877656,0.01886621315192744,111.92893401015229,0,0.0,False,Review,candidate ranking only,Review candidate: no decisive automated exclusion.,0.36586112032010165
471,238.39056689342402,238.42975056689343,0.03918367346938775,-19.46245104371487,-26.581743895257766,0.013061224489795919,49.494949494949495,0,0.0,True,Review,possible polyphony,Review flag: possible polyphony.,0.3656804995898654
123,55.32154195011338,56.19229024943311,0.8707482993197279,-21.81463195256302,-38.155972779290764,0.034829931972789115,104.25531914893617,0,0.0,False,Review,candidate ranking only,Likely use candidate: duration and level match the calibrated labeled set; no large pitch step detected.,0.3654640207086731
129,59.53596371882086,60.78984126984127,1.253877551020408,-20.77816251864578,-35.82008804416472,0.06965986394557823,124.57627118644068,0,0.0,False,Review,candidate ranking only,Likely use candidate: duration and level match the calibrated labeled set; no large pitch step detected.,0.36435763042631675
553,267.88861678004537,267.99310657596374,0.10448979591836735,-22.298238911355433,-31.88939903089799,0.0,64.66275659824046,0,0.0,True,Review,possible polyphony,Review flag: possible polyphony.,0.3626134164958332
252,130.2639455782313,131.06503401360544,0.8010884353741496,-14.638073053787362,-24.683499222882865,0.046439909297052155,73.25581395348837,0,0.0,True,Review,possible polyphony,Likely use candidate: duration and level match the calibrated labeled set; no large pitch step detected.,0.36034436793624564
439,221.21650793650792,221.81297052154196,0.5964625850340136,-15.719223315603132,-27.15263910895457,0.014512471655328799,62.64204545454545,0,0.0,True,Review,possible polyphony,Likely use candidate: duration and level match the calibrated labeled set; no large pitch step detected.,0.36030631906508054
438,219.35891156462586,221.042358276644,1.6834467120181407,-22.781109858449035,-36.59612787046232,0.046439909297052155,54.850746268656714,0,0.0,False,Review,candidate ranking only,Likely use candidate: duration and level match the calibrated labeled set; no large pitch step detected.,0.3597877134138343
251,129.52090702947845,130.21750566893425,0.6965986394557823,-16.376629514549858,-25.507645767458264,0.023219954648526078,75.90361445783132,0,0.0,True,Review,possible polyphony,Likely use candidate: duration and level match the calibrated labeled set; no large pitch step detected.,0.3579372925313928
411,203.24426303854875,203.78122448979593,0.5369614512471655,-20.01273279920865,-29.517244683249313,0.010158730158730159,77.77777777777777,0,0.0,True,Review,possible polyphony,Likely use candidate: duration and level match the calibrated labeled set; no large pitch step detected.,0.3575800437695246
358,173.48789115646258,174.06839002267574,0.5804988662131519,-24.65202664250146,-38.12956937793974,0.034829931972789115,169.6153846153846,0,0.0,False,Review,candidate ranking only,Likely use candidate: duration and level match the calibrated labeled set; no large pitch step detected.,0.35685524160964693
102,45.743310657596375,46.13804988662132,0.3947392290249433,-24.960870324136273,-35.315508222109045,0.046439909297052155,79.17414721723519,0,0.0,True,Review,possible polyphony,"Review candidate: duration and level are favorable, but audition remains required.",0.3560570762155513
385,187.57079365079366,188.58086167800454,1.0100680272108844,-22.346724864584306,-38.5654806630114,0.034829931972789115,98.21826280623608,0,0.0,False,Review,candidate ranking only,Likely use candidate: duration and level match the calibrated labeled set; no large pitch step detected.,0.35604801275125386
237,123.99455782312926,124.69115646258503,0.6965986394557823,-14.005416096405988,-25.882630953085215,0.046439909297052155,50.227790432801825,0,0.0,True,Review,possible polyphony,Likely use candidate: duration and level match the calibrated labeled set; no large pitch step detected.,0.35467962020803584
190,96.40489795918367,96.42666666666666,0.021768707482993196,-19.774461352901646,-26.187921114275852,0.008707482993197279,72.89256198347107,0,0.0,True,Review,possible polyphony,Review flag: possible polyphony.,0.35343739981802097
568,274.16961451247164,274.7849433106576,0.615328798185941,-17.120183061788005,-27.56107647272775,0.0,72.53289473684211,0,0.0,True,Review,possible polyphony,Likely use candidate: duration and level match the calibrated labeled set; no large pitch step detected.,0.3531874046548424
382,186.1775963718821,187.16444444444446,0.9868480725623583,-22.65785226101864,-37.41110443871953,0.046439909297052155,104.00943396226415,0,0.0,False,Review,candidate ranking only,Likely use candidate: duration and level match the calibrated labeled set; no large pitch step detected.,0.3528705237055661
191,96.42956916099773,96.45133786848072,0.021768707482993196,-19.909815084152992,-26.229834193414014,0.008707482993197279,71.70731707317073,0,0.0,True,Review,possible polyphony,Review flag: possible polyphony.,0.3516647317141259
176,90.20952380952382,90.37206349206349,0.16253968253968254,-24.23643917151656,-31.066607303428242,0.058049886621315196,46.03340292275574,0,0.0,True,Review,possible polyphony,Review flag: possible polyphony.,0.3514593311689193
172,87.69015873015873,88.2358276643991,0.5456689342403628,-18.42999279391461,-28.436678708243576,0.034829931972789115,49.328859060402685,0,0.0,True,Review,possible polyphony,Likely use candidate: duration and level match the calibrated labeled set; no large pitch step detected.,0.35083441876526616
150,77.6475283446712,77.75201814058957,0.10448979591836735,-25.618653028940628,-29.909734934069444,0.0,56.10687022900763,0,0.0,True,Review,possible polyphony,Review flag: possible polyphony.,0.3492059162882665
192,96.45424036281179,96.47600907029478,0.021768707482993196,-20.082028389390096,-26.329170317228012,0.008707482993197279,70.78651685393258,0,0.0,True,Review,possible polyphony,Review flag: possible polyphony.,0.3489492374236149
501,247.37378684807257,247.91945578231292,0.5456689342403628,-10.755440945714481,-19.88298395153354,0.5340589569160997,55.19399249061327,0,0.0,True,Review,possible polyphony,Likely use candidate: duration and level match the calibrated labeled set; no large pitch step detected.,0.34677665630249227
399,196.2332879818594,196.25360544217688,0.020317460317460317,-20.445416285544052,-26.131823836779052,0.008707482993197279,63.8205499276411,0,0.0,True,Review,possible polyphony,Review flag: possible polyphony.,0.345837576101032
131,62.43845804988662,63.181496598639455,0.7430385487528345,-24.31449561968162,-36.48055091488626,0.046439909297052155,139.55696202531647,0,0.0,False,Review,candidate ranking only,Likely use candidate: duration and level match the calibrated labeled set; no large pitch step detected.,0.3456096253572691
360,174.60244897959183,175.403537414966,0.8010884353741496,-24.193375674094714,-36.71754708078567,0.046439909297052155,158.63309352517985,0,0.0,False,Review,candidate ranking only,Likely use candidate: duration and level match the calibrated labeled set; no large pitch step detected.,0.34445086315414397
175,89.55936507936508,90.20952380952382,0.6501587301587302,-17.914613386959818,-26.583496839680173,0.011609977324263039,46.12970711297071,0,0.0,True,Review,possible polyphony,Likely use candidate: duration and level match the calibrated labeled set; no large pitch step detected.,0.34340892040933707
193,96.47746031746031,96.50068027210884,0.023219954648526078,-20.35934795184695,-26.88268021584797,0.008707482993197279,71.5909090909091,0,0.0,True,Review,possible polyphony,Review flag: possible polyphony.,0.3420921899783796
362,176.92444444444445,177.7255328798186,0.8010884353741496,-24.07815953117046,-38.264636472989594,0.034829931972789115,140.44585987261146,0,0.0,False,Review,candidate ranking only,Likely use candidate: duration and level match the calibrated labeled set; no large pitch step detected.,0.34174210798561033
91,42.59700680272109,42.666666666666664,0.06965986394557823,-17.617438242116595,-30.611466123546222,0.046439909297052155,72.77227722772277,0,0.0,True,Review,possible polyphony,Review flag: possible polyphony.,0.34093091099189793
30,17.345306122448978,17.519455782312924,0.17414965986394557,-24.521679668793723,-35.36963632608858,0.034829931972789115,250.5681818181818,0,0.0,True,Review,possible polyphony,Review flag: possible polyphony.,0.3404065679423333
154,78.71419501133788,78.76208616780046,0.04789115646258504,-21.52550390232499,-27.860948917273525,0.014512471655328799,54.11042944785276,0,0.0,True,Review,possible polyphony,Review flag: possible polyphony.,0.3395141566112711
406,200.38820861678005,200.93968253968256,0.5514739229024943,-20.30152441212688,-29.700075985653577,0.010158730158730159,83.05084745762711,0,0.0,True,Review,possible polyphony,Likely use candidate: duration and level match the calibrated labeled set; no large pitch step detected.,0.33835134296097086
194,96.50213151927437,96.52390022675736,0.021768707482993196,-20.637252759816477,-26.98350557049222,0.008707482993197279,74.24242424242425,0,0.0,True,Review,possible polyphony,Review flag: possible polyphony.,0.33685364118670896
504,248.7437641723356,249.23138321995464,0.4876190476190476,-13.752570145538314,-23.87337319050108,0.47600907029478456,80.76923076923077,0,0.0,True,Review,possible polyphony,"Review candidate: duration and level are favorable, but audition remains required.",0.33612151902055837
121,54.497233560090706,54.60172335600907,0.10448979591836735,-34.61665284653685,-42.22669189178414,0.0,250.5681818181818,0,0.0,False,Review,candidate ranking only,Review candidate: no decisive automated exclusion.,0.3360563485351574
195,96.52680272108843,96.54857142857142,0.021768707482993196,-20.743442060802266,-27.03460238121461,0.008707482993197279,72.77227722772277,0,0.0,True,Review,possible polyphony,Review flag: possible polyphony.,0.3352807800696271
196,96.55147392290249,96.57324263038548,0.021768707482993196,-20.865575765347092,-27.1243429584624,0.008707482993197279,71.70731707317073,0,0.0,True,Review,possible polyphony,Review flag: possible polyphony.,0.33316203725170096
52,27.051247165532878,27.109297052154194,0.058049886621315196,-29.93498872586949,-40.273584795138866,0.023219954648526078,250.5681818181818,0,0.0,False,Review,candidate ranking only,Review candidate: no decisive automated exclusion.,0.33274419676270556
197,96.57614512471655,96.59791383219954,0.021768707482993196,-21.103072164044853,-27.339232152733942,0.0072562358276643995,70.44728434504792,0,0.0,True,Review,possible polyphony,Review flag: possible polyphony.,0.3300894284875408
99,44.89578231292517,44.95383219954648,0.058049886621315196,-29.75385460538329,-39.75074161927844,0.034829931972789115,250.5681818181818,0,0.0,False,Review,candidate ranking only,Review candidate: no decisive automated exclusion.,0.32817399240190875
113,50.51501133786848,51.1071201814059,0.592108843537415,-15.798933322008047,-25.397514651146626,0.06965986394557823,82.35301297252057,0,0.0,True,Review,possible polyphony,Likely use candidate: duration and level match the calibrated labeled set; no large pitch step detected.,0.32626681278546005
198,96.6008163265306,96.62113378684806,0.020317460317460317,-21.415614080423868,-27.449985815169555,0.0072562358276643995,72.89256198347107,0,0.0,True,Review,possible polyphony,Review flag: possible polyphony.,0.3244052255338617
333,166.02267573696145,166.64961451247166,0.626938775510204,-21.043086499954306,-36.13403261113275,0.10448979591836735,232.10526315789474,0,0.0,False,Review,candidate ranking only,Likely use candidate: duration and level match the calibrated labeled set; no large pitch step detected.,0.32373901297076213
475,239.98984126984126,240.5471201814059,0.5572789115646258,-14.077498581782493,-25.12958933964851,0.12770975056689343,87.5,0,0.0,True,Review,possible polyphony,Likely use candidate: duration and level match the calibrated labeled set; no large pitch step detected.,0.3229404586541707
240,126.21786848072561,126.27156462585033,0.05369614512471655,-21.055050537160017,-27.24954098172212,0.04789115646258504,54.71464019851117,0,0.0,True,Review,possible polyphony,Review flag: possible polyphony.,0.3227590734733102
179,93.35292517006802,93.37469387755102,0.021768707482993196,-21.242631898253602,-27.166148395590707,0.01596371882086168,250.5681818181818,0,0.0,True,Review,possible polyphony,Review flag: possible polyphony.,0.3217171857236884
246,127.52108843537415,127.5675283446712,0.046439909297052155,-23.04804680877249,-28.541183836962286,0.010158730158730159,62.73115220483641,0,0.0,True,Review,possible polyphony,Review flag: possible polyphony.,0.3203888726809742
200,96.64870748299319,96.67047619047618,0.021768707482993196,-21.67850701544534,-27.893960802906115,0.0072562358276643995,72.17675941080196,0,0.0,True,Review,possible polyphony,Review flag: possible polyphony.,0.31878779347181424
199,96.62403628117913,96.64580498866212,0.021768707482993196,-21.582564696399693,-27.87898560528596,0.008707482993197279,73.62270450751252,0,0.0,True,Review,possible polyphony,Review flag: possible polyphony.,0.3184457214729394
209,99.7645351473923,101.84272108843537,2.078185941043084,-13.935245430364082,-26.271724013885418,0.08126984126984127,73.37770382695507,0,0.0,True,Review,possible polyphony,Likely use candidate: duration and level match the calibrated labeled set; no large pitch step detected.,0.31666046428766376
180,93.37614512471654,93.39791383219955,0.021768707482993196,-21.512874471327752,-27.415805331275706,0.01596371882086168,250.5681818181818,0,0.0,True,Review,possible polyphony,Review flag: possible polyphony.,0.31651819063609693
201,96.67337868480725,96.6936961451247,0.020317460317460317,-21.82116761098881,-27.849119632723642,0.0072562358276643995,75.12776831345826,0,0.0,True,Review,possible polyphony,Review flag: possible polyphony.,0.31635835205267143
181,93.39936507936508,93.41968253968254,0.020317460317460317,-21.67850701544534,-27.387803594075617,0.014512471655328799,250.5681818181818,0,0.0,True,Review,possible polyphony,Review flag: possible polyphony.,0.31514188256692194
570,275.45832199546487,275.9807709750567,0.5224489795918368,-21.4187345725135,-30.19732215813084,0.046439909297052155,85.29980657640232,0,0.0,True,Review,possible polyphony,Likely use candidate: duration and level match the calibrated labeled set; no large pitch step detected.,0.31495054380466764
82,39.96154195011338,40.04281179138322,0.08126984126984127,-21.139263423230222,-32.26093393231179,0.034829931972789115,60.49382716049383,0,0.0,True,Review,possible polyphony,Review flag: possible polyphony.,0.3124379357416321
255,131.84290249433107,132.5859410430839,0.7430385487528345,-14.525848860965567,-26.106079664736672,0.08126984126984127,82.89473684210526,0,0.0,True,Review,possible polyphony,Likely use candidate: duration and level match the calibrated labeled set; no large pitch step detected.,0.3124108734731363
1,0.0,0.3831292517006803,0.3831292517006803,-19.831469186431733,-30.628456224246268,0.37151927437641724,55.125,0,0.0,True,Review,possible polyphony,"Review candidate: duration and level are favorable, but audition remains required.",0.3122714941925397
182,93.42258503401361,93.44290249433107,0.020317460317460317,-21.840804144532488,-27.612632781984917,0.014512471655328799,250.5681818181818,0,0.0,True,Review,possible polyphony,Review flag: possible polyphony.,0.3112706193969575
97,44.3849433106576,44.46621315192744,0.08126984126984127,-21.47823792515114,-30.886591783321666,0.046439909297052155,54.78260869565217,0,0.0,True,Review,possible polyphony,Review flag: possible polyphony.,0.311181634888061
202,96.6980498866213,96.71836734693876,0.020317460317460317,-22.123865658416165,-28.131579769401675,0.0072562358276643995,73.5,0,0.0,True,Review,possible polyphony,Review flag: possible polyphony.,0.3105067702116176
245,127.48916099773243,127.51963718820862,0.030476190476190476,-22.876560155673932,-28.151110002384783,0.010158730158730159,62.82051282051282,0,0.0,True,Review,possible polyphony,Review flag: possible polyphony.,0.31004075873687315
578,280.1139229024943,280.2532426303855,0.13931972789115646,-32.075195524117134,-41.84038399857559,0.09287981859410431,227.31958762886597,0,0.0,False,Review,candidate ranking only,Review candidate: no decisive automated exclusion.,0.3072841140701249
296,152.28807256235828,152.33451247165533,0.046439909297052155,-32.56791113817522,-40.21259033674469,0.011609977324263039,250.5681818181818,0,0.0,False,Review,candidate ranking only,Review candidate: no decisive automated exclusion.,0.30702491722359004
183,93.44580498866213,93.46612244897959,0.020317460317460317,-22.10357941415067,-27.90147135442719,0.014512471655328799,250.5681818181818,0,0.0,True,Review,possible polyphony,Review flag: possible polyphony.,0.3057544809763529
203,96.72272108843536,96.74303854875282,0.020317460317460317,-22.39897621308184,-28.371587330068706,0.0072562358276643995,71.82410423452768,0,0.0,True,Review,possible polyphony,Review flag: possible polyphony.,0.30535558905829047
204,96.74739229024942,96.7677097505669,0.020317460317460317,-22.50089556959274,-28.436994949111927,0.005804988662131519,70.90032154340837,0,0.0,True,Review,possible polyphony,Review flag: possible polyphony.,0.3051335664682821
28,16.857687074829933,17.04344671201814,0.18575963718820862,-26.033332712488274,-35.07257194250763,0.06965986394557823,250.5681818181818,0,0.0,True,Review,possible polyphony,Review flag: possible polyphony.,0.3050407266926714
5,2.043356009070295,2.6586848072562357,0.615328798185941,-16.07791533419097,-28.999781491782215,0.046439909297052155,82.58426966292134,0,0.0,True,Review,possible polyphony,Likely use candidate: duration and level match the calibrated labeled set; no large pitch step detected.,0.302783122443216
567,273.51945578231295,274.16961451247164,0.6501587301587302,-17.382885093499183,-28.868805248661225,0.034829931972789115,92.45283018867924,0,0.0,True,Review,possible polyphony,Likely use candidate: duration and level match the calibrated labeled set; no large pitch step detected.,0.3026531646056068
458,231.02839002267575,231.06031746031746,0.03192743764172336,-22.6398727686993,-27.697191474781675,0.026122448979591838,250.5681818181818,0,0.0,True,Review,possible polyphony,Review flag: possible polyphony.,0.30243434622732174
184,93.46757369614512,93.48934240362811,0.021768707482993196,-22.2123243667956,-28.302681814976953,0.01596371882086168,250.5681818181818,0,0.0,True,Review,possible polyphony,Review flag: possible polyphony.,0.30065492684440603
205,96.77061224489795,96.79092970521542,0.020317460317460317,-22.661452629832084,-28.63581761309337,0.0072562358276643995,75.64322469982848,0,0.0,True,Review,possible polyphony,Review flag: possible polyphony.,0.30008852206054143
185,93.49079365079365,93.5111111111111,0.020317460317460317,-22.367587700006183,-28.301855397779136,0.014512471655328799,250.5681818181818,0,0.0,True,Review,possible polyphony,Review flag: possible polyphony.,0.29911055768427836
94,43.44453514739229,43.51419501133787,0.06965986394557823,-20.315257046826282,-32.30065924462714,0.046439909297052155,250.5681818181818,0,0.0,True,Review,possible polyphony,Review flag: possible polyphony.,0.29706079173399186
409,201.91201814058957,202.01070294784583,0.09868480725623582,-26.92138879295537,-31.701280848705657,0.017414965986394557,80.32786885245902,0,0.0,True,Review,possible polyphony,Review flag: possible polyphony.,0.29504314485323097
459,231.0849886621315,231.12417233560092,0.03918367346938775,-23.839831362205004,-29.581323089361113,0.013061224489795919,47.065101387406614,0,0.0,True,Review,possible polyphony,Review flag: possible polyphony.,0.29191090446393064
448,226.24362811791383,226.31909297052155,0.07546485260770976,-24.784359540757688,-30.37423615885819,0.03337868480725623,54.98753117206982,0,0.0,True,Review,possible polyphony,Review flag: possible polyphony.,0.2905002108042947
256,132.5859410430839,133.36380952380952,0.7778684807256235,-17.150679962595255,-29.380818910773332,0.046439909297052155,88.73239436619718,0,0.0,True,Review,possible polyphony,Likely use candidate: duration and level match the calibrated labeled set; no large pitch step detected.,0.28824510196926195
435,216.02684807256236,217.4897052154195,1.4628571428571429,-15.85796545917519,-30.696805806887284,0.046439909297052155,60.287109506402636,0,0.0,True,Review,possible polyphony,Likely use candidate: duration and level match the calibrated labeled set; no large pitch step detected.,0.2880123780423231
340,168.5536507936508,168.68136054421768,0.12770975056689343,-33.15029340480578,-42.893498706465856,0.08126984126984127,221.08734985173646,0,0.0,False,Review,candidate ranking only,Review candidate: no decisive automated exclusion.,0.28600198818433575
405,199.97024943310657,200.0282993197279,0.058049886621315196,-34.503295418529525,-41.5609333726242,0.011609977324263039,250.5681818181818,0,0.0,False,Review,candidate ranking only,Review candidate: no decisive automated exclusion.,0.28579762138551495
445,225.30321995464854,225.55863945578233,0.25541950113378686,-35.93896492184888,-42.02610640751047,0.0,56.4299655173543,0,0.0,True,Review,possible polyphony,Review flag: possible polyphony.,0.28515843705868216
431,214.57560090702947,214.62058956916098,0.04498866213151927,-24.146251126433587,-29.64141997283364,0.024671201814058956,63.18051575931232,0,0.0,True,Review,possible polyphony,Review flag: possible polyphony.,0.28244074932478797
427,212.91537414965987,212.9443990929705,0.029024943310657598,-24.258051249444645,-29.692819447721817,0.008707482993197279,65.625,0,0.0,True,Review,possible polyphony,Review flag: possible polyphony.,0.28080875334579564
443,224.97814058956916,225.16390022675736,0.18575963718820862,-31.75133049258022,-37.58541370169627,0.011609977324263039,56.53846153846154,0,0.0,True,Review,possible polyphony,Review flag: possible polyphony.,0.2807822179211808
2,0.3831292517006803,0.8359183673469388,0.4527891156462585,-19.437570219947048,-27.20938182631809,0.44117913832199546,61.25,0,0.0,True,Review,possible polyphony,"Review candidate: duration and level are favorable, but audition remains required.",0.28074136389109006
466,234.05714285714285,235.41551020408164,1.3583673469387756,-17.211996887966475,-30.178528848251425,0.046439909297052155,43.44827586206897,0,0.0,True,Review,possible polyphony,Likely use candidate: duration and level match the calibrated labeled set; no large pitch step detected.,0.27965483334076885
355,172.90739229024942,173.00027210884355,0.09287981859410431,-33.369892198797885,-43.393872075389204,0.046439909297052155,180.7377049180328,0,0.0,False,Review,candidate ranking only,Review candidate: no decisive automated exclusion.,0.27880226655518126
72,36.060589569160996,36.14185941043084,0.08126984126984127,-36.88554184489269,-44.192849478226094,0.011609977324263039,41.96003805899144,0,0.0,False,Review,candidate ranking only,Review candidate: no decisive automated exclusion.,0.2777313691633173
59,31.196009070294785,31.24244897959184,0.046439909297052155,-32.4448636379974,-42.50397039163658,0.023219954648526078,250.5681818181818,0,0.0,False,Review,candidate ranking only,Review candidate: no decisive automated exclusion.,0.27373161435218635
460,231.12562358276645,231.1459410430839,0.020317460317460317,-24.486063464556644,-28.95226949645778,0.014512471655328799,250.5681818181818,0,0.0,True,Review,possible polyphony,Review flag: possible polyphony.,0.2714216590519873
348,170.89886621315193,170.94530612244898,0.046439909297052155,-33.32061042325637,-41.8740239264163,0.023219954648526078,250.5681818181818,0,0.0,False,Review,candidate ranking only,Review candidate: no decisive automated exclusion.,0.27127361115179943
253,131.06503401360544,131.08825396825398,0.023219954648526078,-25.28597183568727,-29.276971062820394,0.0072562358276643995,79.03225806451613,0,0.0,True,Review,possible polyphony,Review flag: possible polyphony.,0.27033428983578506
243,127.14086167800454,127.16408163265307,0.023219954648526078,-24.816606317369597,-29.78425429411773,0.0072562358276643995,62.37623762376238,0,0.0,True,Review,possible polyphony,Review flag: possible polyphony.,0.26995511270598843
566,273.43818594104306,273.51945578231295,0.08126984126984127,-35.23733752133622,-42.82040088215148,0.034829931972789115,41.13805970149254,0,0.0,False,Review,candidate ranking only,Review candidate: no decisive automated exclusion.,0.26823590047553736
114,51.13904761904762,51.17242630385488,0.03337868480725623,-24.960870324136273,-30.538314885410742,0.010158730158730159,75.64322469982848,0,0.0,True,Review,possible polyphony,Review flag: possible polyphony.,0.2682281025530559
432,214.63945578231292,214.66993197278913,0.030476190476190476,-24.904741601269507,-30.477956690603975,0.008707482993197279,62.28813559322034,0,0.0,True,Review,possible polyphony,Review flag: possible polyphony.,0.2679417245642584
461,231.79319727891158,232.02539682539683,0.23219954648526078,-33.21073825303725,-39.75117946152067,0.034829931972789115,46.81528662420382,0,0.0,True,Review,possible polyphony,Review flag: possible polyphony.,0.26775043736689247
146,76.32399092970522,76.40526077097506,0.08126984126984127,-25.05523181316043,-32.85756426724694,0.034829931972789115,250.5681818181818,0,0.0,True,Review,possible polyphony,Review flag: possible polyphony.,0.2673119484929784
426,212.8384580498866,212.86748299319729,0.029024943310657598,-25.01736411443281,-29.29733520657979,0.01886621315192744,65.625,0,0.0,True,Review,possible polyphony,Review flag: possible polyphony.,0.2670117369486042
248,127.85777777777778,127.88825396825398,0.030476190476190476,-24.629413014424763,-30.712872996058337,0.010158730158730159,63.27116212338594,0,0.0,True,Review,possible polyphony,Review flag: possible polyphony.,0.2668946002126293
80,38.33614512471655,38.579954648526076,0.2438095238095238,-34.19898153602635,-42.4313401754962,0.011609977324263039,54.91905354919054,0,0.0,True,Review,possible polyphony,Review flag: possible polyphony.,0.2658963293700352
424,211.09405895691611,211.67891156462585,0.5848526077097506,-22.571888115499874,-30.1015769900804,0.023219954648526078,68.58475894245723,0,0.0,True,Review,possible polyphony,Likely use candidate: duration and level match the calibrated labeled set; no large pitch step detected.,0.26519278658592066
433,214.67138321995463,214.70185941043084,0.030476190476190476,-25.315250143088328,-30.768540966059344,0.008707482993197279,62.28813559322034,0,0.0,True,Review,possible polyphony,Review flag: possible polyphony.,0.26093079639151645
157,80.15092970521543,80.17850340136056,0.027573696145124716,-25.618653028940628,-30.989108135553,0.0029024943310657597,53.32527206771463,0,0.0,True,Review,possible polyphony,Review flag: possible polyphony.,0.2585935901691227
156,80.11319727891157,80.1407709750567,0.027573696145124716,-25.807984776433383,-30.972061616071308,0.0029024943310657597,53.64963503649635,0,0.0,True,Review,possible polyphony,Review flag: possible polyphony.,0.25687073788901205
523,256.74303854875285,257.42802721088435,0.6849886621315193,-10.991799963052923,-23.379809340655456,0.5108390022675737,75.32029404043055,0,0.0,True,Review,possible polyphony,Likely use candidate: duration and level match the calibrated labeled set; no large pitch step detected.,0.2562839069629162
289,150.62784580498865,150.6742857142857,0.046439909297052155,-36.43445972072142,-44.26411569007702,0.0,250.5681818181818,0,0.0,False,Review,candidate ranking only,Review candidate: no decisive automated exclusion.,0.25379875239628197
281,147.96916099773242,148.01560090702947,0.046439909297052155,-34.545631276371005,-43.64011471117444,0.011609977324263039,214.07766990291262,0,0.0,False,Review,candidate ranking only,Review candidate: no decisive automated exclusion.,0.2529724720973347
434,214.70331065759638,214.73378684807255,0.030476190476190476,-25.756405707774185,-31.129415325361354,0.008707482993197279,62.37623762376238,0,0.0,True,Review,possible polyphony,Review flag: possible polyphony.,0.2529104971516378
236,123.88136054421769,123.90167800453514,0.020317460317460317,-24.965564131134084,-30.46759119242754,0.014512471655328799,250.5681818181818,0,0.0,True,Review,possible polyphony,Review flag: possible polyphony.,0.2514734354265153
165,84.16072562358276,84.26521541950113,0.10448979591836735,-27.117654834521954,-33.60366907975832,0.046439909297052155,250.5681818181818,0,0.0,True,Review,possible polyphony,Review flag: possible polyphony.,0.2508366474785125
359,174.27736961451248,174.34702947845804,0.06965986394557823,-34.65954621586863,-43.8619889849309,0.034829931972789115,250.5681818181818,0,0.0,False,Review,candidate ranking only,Review candidate: no decisive automated exclusion.,0.2496145799647938
162,82.82557823129251,83.9285260770975,1.1029478458049886,-21.300936976087034,-32.79857781734404,0.011609977324263039,53.00480769230769,0,0.0,True,Review,possible polyphony,Likely use candidate: duration and level match the calibrated labeled set; no large pitch step detected.,0.24739487474142624
152,78.0538775510204,78.54149659863945,0.4876190476190476,-28.42656678238313,-36.915482695347016,0.011609977324263039,56.10687022900763,0,0.0,True,Review,possible polyphony,"Review candidate: duration and level are favorable, but audition remains required.",0.24735048027938783
317,161.78503401360544,161.8314739229025,0.046439909297052155,-34.024046784555956,-43.628983195814556,0.023219954648526078,250.5681818181818,0,0.0,False,Review,candidate ranking only,Review candidate: no decisive automated exclusion.,0.246689654844821
449,226.3219954648526,226.3756916099773,0.05369614512471655,-26.335856960105907,-31.683274246718224,0.029024943310657598,54.37731196054254,0,0.0,True,Review,possible polyphony,Review flag: possible polyphony.,0.24447988974581764
331,165.7208163265306,165.77886621315193,0.058049886621315196,-26.53042902397729,-34.8268675840852,0.0,250.5681818181818,0,0.0,True,Review,possible polyphony,Review flag: possible polyphony.,0.24447692054069026
428,213.08371882086166,213.11274376417234,0.029024943310657598,-26.683563268005127,-30.93157800336611,0.008707482993197279,66.11694152923538,0,0.0,True,Review,possible polyphony,Review flag: possible polyphony.,0.24416604760374794
407,200.9411337868481,201.0122448979592,0.07111111111111111,-29.332396968627357,-33.20990013185098,0.004353741496598639,83.20754716981132,0,0.0,True,Review,possible polyphony,Review flag: possible polyphony.,0.2413343986097291
332,165.80208616780044,165.9762358276644,0.17414965986394557,-28.050199177512756,-39.47685627225239,0.058049886621315196,250.5681818181818,0,0.0,True,Review,possible polyphony,Review flag: possible polyphony.,0.24082921874497892
115,51.17678004535148,51.23773242630386,0.06095238095238095,-28.496784542626227,-33.254112391727816,0.0029024943310657597,86.3013698630137,0,0.0,True,Review,possible polyphony,Review flag: possible polyphony.,0.24054091727777477
374,183.05451247165533,183.11256235827665,0.058049886621315196,-39.182948683848615,-44.458001011164484,0.023219954648526078,116.66666666666667,0,0.0,False,Review,candidate ranking only,Review candidate: no decisive automated exclusion.,0.2402499218611443
100,44.95383219954648,45.16281179138322,0.2089795918367347,-35.839885258490646,-41.96018319026486,0.0,54.95329236063018,0,0.0,True,Review,possible polyphony,Review flag: possible polyphony.,0.2393777599340861
357,173.05832199546487,173.10476190476192,0.046439909297052155,-38.48770655866438,-44.62283955865849,0.011609977324263039,184.51882845188285,0,0.0,False,Review,candidate ranking only,Review candidate: no decisive automated exclusion.,0.23860153638620424
220,116.54095238095238,116.55256235827665,0.011609977324263039,-38.828373344639985,-42.35666604679486,0.0,250.5681818181818,0,0.0,False,Review,candidate ranking only,Review candidate: no decisive automated exclusion.,0.23804331685631452
46,23.81206349206349,23.858503401360544,0.046439909297052155,-33.944480826915246,-44.634669046186055,0.023219954648526078,250.5681818181818,0,0.0,False,Review,candidate ranking only,Review candidate: no decisive automated exclusion.,0.2374284559175131
422,209.99691609977324,210.06512471655327,0.06820861678004535,-27.436213993703493,-32.05814434313365,0.036281179138321996,72.05882352941177,0,0.0,True,Review,possible polyphony,Review flag: possible polyphony.,0.23698385427335195
214,110.03936507936508,110.08580498866213,0.046439909297052155,-39.88623702511363,-44.859671800917354,0.011609977324263039,92.84210526315789,0,0.0,False,Review,candidate ranking only,Review candidate: no decisive automated exclusion.,0.2362332139636156
57,30.661950113378683,30.708390022675736,0.046439909297052155,-34.024046784555956,-44.70750084414621,0.023219954648526078,213.04347826086956,0,0.0,False,Review,candidate ranking only,Review candidate: no decisive automated exclusion.,0.23590447836150447
307,158.1859410430839,158.20916099773243,0.023219954648526078,-37.619453295979724,-44.096089098497806,0.0,250.5681818181818,0,0.0,False,Review,candidate ranking only,Review candidate: no decisive automated exclusion.,0.232259063663548
543,264.0689342403628,264.5797732426304,0.5108390022675737,-18.465463551277022,-27.235093158895225,0.4992290249433107,77.50439367311073,0,0.0,True,Review,possible polyphony,Likely use candidate: duration and level match the calibrated labeled set; no large pitch step detected.,0.23215543063070382
419,206.67356009070295,206.72290249433107,0.04934240362811791,-28.475659547280667,-32.740093751770104,0.005804988662131519,79.74683544303798,0,0.0,True,Review,possible polyphony,Review flag: possible polyphony.,0.2313798819754787
33,18.250884353741498,18.297324263038547,0.046439909297052155,-35.47021714461038,-44.22348782344217,0.023219954648526078,223.85786802030458,0,0.0,False,Review,candidate ranking only,Review candidate: no decisive automated exclusion.,0.23098507641410443
420,207.80698412698413,209.09569160997734,1.2887074829931973,-20.279597257186115,-33.175835217251965,0.034829931972789115,75.51369863013699,0,0.0,True,Review,possible polyphony,Likely use candidate: duration and level match the calibrated labeled set; no large pitch step detected.,0.23061574328283008
285,149.68743764172336,149.7338775510204,0.046439909297052155,-38.03216226167297,-44.393195906799406,0.023219954648526078,232.10526315789474,0,0.0,False,Review,candidate ranking only,Review candidate: no decisive automated exclusion.,0.22928799558053206
373,183.0312925170068,183.04290249433106,0.011609977324263039,-38.053321564799646,-43.291762566141685,0.0,118.54838709677419,0,0.0,False,Review,candidate ranking only,Review candidate: no decisive automated exclusion.,0.22869235166284624
336,167.59002267573698,167.64807256235827,0.058049886621315196,-37.63962958760263,-44.49074925434363,0.034829931972789115,222.72727272727272,0,0.0,False,Review,candidate ranking only,Review candidate: no decisive automated exclusion.,0.22831246210508976
38,20.271020408163267,20.317460317460316,0.046439909297052155,-36.157595177235635,-44.544338504737155,0.023219954648526078,171.5953307392996,0,0.0,False,Review,candidate ranking only,Review candidate: no decisive automated exclusion.,0.22777656960115455
356,173.02349206349206,173.0467120181406,0.023219954648526078,-38.69049918568197,-44.841228824385915,0.0,178.5425101214575,0,0.0,False,Review,candidate ranking only,Review candidate: no decisive automated exclusion.,0.22480766640466693
325,163.56136054421768,163.5961904761905,0.034829931972789115,-37.30284823655563,-46.59808107785511,0.011609977324263039,250.5681818181818,0,0.0,False,Review,candidate ranking only,Review candidate: no decisive automated exclusion.,0.22321995464852606
383,187.1760544217687,187.18766439909297,0.011609977324263039,-39.93871990163661,-43.861500024889786,0.0,105.75539568345324,0,0.0,False,Review,candidate ranking only,Review candidate: no decisive automated exclusion.,0.22299497707536522
225,117.9457596371882,117.95736961451247,0.011609977324263039,-39.834069362963064,-43.94684698385915,0.0,250.5681818181818,0,0.0,False,Review,candidate ranking only,Review candidate: no decisive automated exclusion.,0.22214150748567155
415,205.13378684807256,205.17297052154197,0.03918367346938775,-27.153820978257084,-31.857341514220984,0.027573696145124716,83.8403041825095,0,0.0,True,Review,possible polyphony,Review flag: possible polyphony.,0.2214983523994823
410,202.01215419501133,202.03537414965987,0.023219954648526078,-27.74101332483823,-32.18967171272445,0.004353741496598639,81.81818181818181,0,0.0,True,Review,possible polyphony,Review flag: possible polyphony.,0.21955936277630067
345,169.8075283446712,169.85396825396825,0.046439909297052155,-36.106651396958036,-44.39611337800983,0.034829931972789115,235.8288770053476,0,0.0,False,Review,candidate ranking only,Review candidate: no decisive automated exclusion.,0.21764884354416478
279,147.20290249433106,147.2493424036281,0.046439909297052155,-38.224477637504954,-44.46048338667535,0.034829931972789115,202.29357798165137,0,0.0,False,Review,candidate ranking only,Review candidate: no decisive automated exclusion.,0.21700514345750957
455,229.32027210884354,230.3419501133787,1.0216780045351475,-22.246588275678,-32.668745832195086,0.034829931972789115,49.21875,0,0.0,True,Review,possible polyphony,Likely use candidate: duration and level match the calibrated labeled set; no large pitch step detected.,0.21601672694848
469,236.7738775510204,237.62140589569162,0.8475283446712019,-24.89542197630023,-33.59794291063487,0.0,41.29213483146067,0,0.0,True,Review,possible polyphony,Likely use candidate: duration and level match the calibrated labeled set; no large pitch step detected.,0.21506635113064898
412,203.78267573696147,203.8073469387755,0.024671201814058956,-28.117427761106626,-32.33249186043838,0.005804988662131519,78.05309734513274,0,0.0,True,Review,possible polyphony,Review flag: possible polyphony.,0.21436701693647736
73,36.211519274376414,36.22312925170068,0.011609977324263039,-38.805241800641134,-44.875663533632235,0.0,113.65979381443299,0,0.0,False,Review,candidate ranking only,Review candidate: no decisive automated exclusion.,0.21285334198794073
441,222.9928344671202,224.13061224489795,1.1377777777777778,-20.645814504854766,-33.46048913513617,0.046439909297052155,59.11528150134048,0,0.0,True,Review,possible polyphony,Likely use candidate: duration and level match the calibrated labeled set; no large pitch step detected.,0.21249705430303845
386,188.60408163265305,188.61569160997732,0.011609977324263039,-39.279998739736854,-44.93267298111352,0.0,110.80402010050251,0,0.0,False,Review,candidate ranking only,Review candidate: no decisive automated exclusion.,0.21228324751312788
292,151.34766439909296,151.35927437641723,0.011609977324263039,-36.612091466306104,-44.98404929773567,0.0,250.5681818181818,0,0.0,False,Review,candidate ranking only,Review candidate: no decisive automated exclusion.,0.21176948434690634
26,16.579047619047618,16.590657596371884,0.011609977324263039,-42.043003417569324,-48.57019175099622,0.0,221.60804020100502,0,0.0,False,Review,possible threshold-level fragment,Review flag: possible threshold-level fragment; audition required.,0.21160997732426307
87,41.2734693877551,41.28507936507936,0.011609977324263039,-46.17248117855737,-51.36190272202601,0.0,129.7058823529412,0,0.0,False,Review,possible threshold-level fragment,Review flag: possible threshold-level fragment; audition required.,0.21160997732426307
136,68.64979591836735,68.66140589569162,0.011609977324263039,-39.52747672333883,-45.10854316846674,0.0,105.75539568345324,0,0.0,False,Review,candidate ranking only,Review candidate: no decisive automated exclusion.,0.21160997732426307
160,82.4540589569161,82.46566893424037,0.011609977324263039,-55.19150158574453,-61.62132620862701,0.0,250.5681818181818,0,0.0,False,Review,possible threshold-level fragment,Review flag: possible threshold-level fragment; audition required.,0.21160997732426307
215,110.09741496598639,110.10902494331066,0.011609977324263039,-40.34278762340235,-45.33910895941747,0.0,96.49890590809628,0,0.0,False,Review,candidate ranking only,Review candidate: no decisive automated exclusion.,0.21160997732426307
216,110.35283446712018,110.36444444444444,0.011609977324263039,-39.88623702511363,-45.51317797868081,0.0,,0,0.0,False,Review,candidate ranking only,Review candidate: no decisive automated exclusion.,0.21160997732426307
259,134.82666666666665,134.83827664399092,0.011609977324263039,-35.283416619527515,-47.24984664479563,0.0,207.04225352112675,0,0.0,False,Review,candidate ranking only,Review candidate: no decisive automated exclusion.,0.21160997732426307
270,141.0960544217687,141.10766439909298,0.011609977324263039,-57.24474842368749,-63.324119603370036,0.0,250.5681818181818,0,0.0,False,Review,possible threshold-level fragment,Review flag: possible threshold-level fragment; audition required.,0.21160997732426307
283,148.71219954648527,148.72380952380954,0.011609977324263039,-39.96508074019487,-48.50496507856838,0.0,227.31958762886597,0,0.0,False,Review,candidate ranking only,Review candidate: no decisive automated exclusion.,0.21160997732426307
446,226.01142857142858,226.02303854875282,0.011609977324263039,-56.86704154048001,-60.696401054943145,0.0,250.5681818181818,0,0.0,False,Review,possible threshold-level fragment,Review flag: possible threshold-level fragment; audition required.,0.21160997732426307
450,227.48589569160998,227.49750566893425,0.011609977324263039,-53.28383172481285,-57.80851220293162,0.0,250.5681818181818,0,0.0,False,Review,possible threshold-level fragment,Review flag: possible threshold-level fragment; audition required.,0.21160997732426307
457,230.9921088435374,231.00371882086168,0.011609977324263039,-57.24474842368749,-62.08564498692411,0.0,250.5681818181818,0,0.0,False,Review,possible threshold-level fragment,Review flag: possible threshold-level fragment; audition required.,0.21160997732426307
537,262.2113378684807,262.222947845805,0.011609977324263039,-53.918119988356985,-60.9494017148327,0.0,121.8232044198895,0,0.0,False,Review,possible threshold-level fragment,Review flag: possible threshold-level fragment; audition required.,0.21160997732426307
167,84.35809523809523,84.38131519274377,0.023219954648526078,-42.63269137958574,-45.72764962099784,0.011609977324263039,250.5681818181818,0,0.0,False,Review,candidate ranking only,Review candidate: no decisive automated exclusion.,0.21160997732426304
414,205.07863945578234,205.13088435374152,0.052244897959183675,-27.79286953640382,-31.90235510298748,0.046439909297052155,83.52272727272727,0,0.0,True,Review,possible polyphony,Review flag: possible polyphony.,0.20885274226821848
440,221.8550566893424,221.88553287981858,0.030476190476190476,-28.610327200460034,-33.09469843180399,0.010158730158730159,63.91304347826087,0,0.0,True,Review,possible polyphony,Review flag: possible polyphony.,0.20326720399482007
49,24.3112925170068,24.38095238095238,0.06965986394557823,-27.129693491526155,-37.28276511431247,0.023219954648526078,250.5681818181818,0,0.0,True,Review,possible polyphony,Review flag: possible polyphony.,0.2023153232386659
444,225.16390022675736,225.30321995464854,0.13931972789115646,-33.9841726993587,-39.75646124746332,0.0,56.61103979460847,0,0.0,True,Review,possible polyphony,Review flag: possible polyphony.,0.2019133884229362
437,217.81478458049887,219.14993197278912,1.3351473922902495,-21.15741575927911,-34.00732917664841,0.046439909297052155,57.64705882352941,0,0.0,True,Review,possible polyphony,Likely use candidate: duration and level match the calibrated labeled set; no large pitch step detected.,0.20191264134367265
164,83.99818594104309,84.07945578231292,0.08126984126984127,-28.878722597292573,-35.8865549070858,0.034829931972789115,250.5681818181818,0,0.0,True,Review,possible polyphony,Review flag: possible polyphony.,0.19878713425326838
25,16.451337868480724,16.567437641723355,0.11609977324263039,-30.8003625290091,-39.86710503951409,0.011609977324263039,232.10526315789474,0,0.0,True,Review,possible polyphony,Review flag: possible polyphony.,0.19781512023313547
79,38.20843537414966,38.33614512471655,0.12770975056689343,-30.282980038785997,-39.70230517030411,0.034829931972789115,53.35911354712904,0,0.0,True,Review,possible polyphony,Review flag: possible polyphony.,0.19302696650320322
416,205.17587301587304,205.20199546485262,0.026122448979591838,-28.66047268197892,-32.64578198421801,0.021768707482993196,84.16030534351145,0,0.0,True,Review,possible polyphony,Review flag: possible polyphony.,0.1912911948346293
158,80.5732426303855,80.65451247165532,0.08126984126984127,-29.91836500856925,-36.200676821481906,0.034829931972789115,53.64963503649635,0,0.0,True,Review,possible polyphony,Review flag: possible polyphony.,0.1852494909965406
66,33.866303854875284,34.28426303854875,0.4179591836734694,-23.21914668740563,-36.99380314247693,0.23219954648526078,250.5681818181818,0,0.0,True,Review,possible polyphony,"Review candidate: duration and level are favorable, but audition remains required.",0.179911318027705
404,199.29541950113378,199.31718820861678,0.021768707482993196,-29.8934889353232,-33.751821339658754,0.005804988662131519,89.45233265720081,0,0.0,True,Review,possible polyphony,Review flag: possible polyphony.,0.17951061607104213
311,158.82448979591837,158.8825396825397,0.058049886621315196,-27.492555097008147,-38.24369288123676,0.023219954648526078,250.5681818181818,0,0.0,True,Review,possible polyphony,Review flag: possible polyphony.,0.17746745219034005
452,227.99673469387756,228.635283446712,0.6385487528344671,-27.208354123374953,-35.44724867464318,0.0,51.76056338028169,0,0.0,True,Review,possible polyphony,Likely use candidate: duration and level match the calibrated labeled set; no large pitch step detected.,0.1734439720198187
287,149.93124716553288,150.0821768707483,0.1509297052154195,-33.174420891536705,-40.13517227181502,0.046439909297052155,250.5681818181818,0,0.0,True,Review,possible polyphony,Review flag: possible polyphony.,0.1713938642848501
249,127.97678004535148,128.8126984126984,0.8359183673469388,-15.665950337890083,-27.243587170712292,0.8243083900226758,67.43119266055047,0,0.0,True,Review,possible polyphony,Likely use candidate: duration and level match the calibrated labeled set; no large pitch step detected.,0.17090462491397623
44,22.88326530612245,22.941315192743765,0.058049886621315196,-28.405611670559257,-38.85271065222224,0.023219954648526078,250.5681818181818,0,0.0,True,Review,possible polyphony,Review flag: possible polyphony.,0.16224670874497416
153,78.54149659863945,78.6575963718821,0.11609977324263039,-34.433191005377985,-40.53606624920134,0.011609977324263039,56.00002257496501,0,0.0,True,Review,possible polyphony,Review flag: possible polyphony.,0.15479722337257412
238,124.76081632653062,125.56190476190476,0.8010884353741496,-15.933984004401054,-28.806653846879207,0.7894784580498866,53.32527206771463,0,0.0,True,Review,possible polyphony,Likely use candidate: duration and level match the calibrated labeled set; no large pitch step detected.,0.15259362148719735
217,111.3512925170068,112.26848072562358,0.9171882086167801,-22.60402505112996,-39.430930634424655,0.034829931972789115,69.44881889763779,0,0.0,True,Review,possible polyphony,Likely use candidate: duration and level match the calibrated labeled set; no large pitch step detected.,0.14482051117166478
48,24.044263038548753,24.160362811791384,0.11609977324263039,-32.8658732442285,-41.52787647409836,0.034829931972789115,250.5681818181818,0,0.0,True,Review,possible polyphony,Review flag: possible polyphony.,0.13733234408657263
166,84.2768253968254,84.34648526077098,0.06965986394557823,-31.272537992876117,-39.75420487060436,0.023219954648526078,250.5681818181818,0,0.0,True,Review,possible polyphony,Review flag: possible polyphony.,0.13617248066224735
293,151.3708843537415,151.44054421768706,0.06965986394557823,-31.156852957992452,-39.242834212127086,0.034829931972789115,250.5681818181818,0,0.0,True,Review,possible polyphony,Review flag: possible polyphony.,0.13083306027159375
177,90.37206349206349,91.44018140589569,1.0681179138321995,-25.398745342911365,-34.689787298899326,0.06965986394557823,46.03340292275574,0,0.0,True,Review,possible polyphony,Likely use candidate: duration and level match the calibrated labeled set; no large pitch step detected.,0.1294548096363149
50,25.205260770975055,25.26331065759637,0.058049886621315196,-30.745388360446082,-39.79836364547151,0.023219954648526078,250.5681818181818,0,0.0,True,Review,possible polyphony,Review flag: possible polyphony.,0.12939241191361323
342,168.739410430839,168.93678004535147,0.19736961451247165,-33.46930260739208,-40.82390136215074,0.12770975056689343,250.5681818181818,0,0.0,True,Review,possible polyphony,Review flag: possible polyphony.,0.12672782425015
286,149.8267573696145,149.90802721088434,0.08126984126984127,-32.54540882082786,-39.43151176116633,0.034829931972789115,250.5681818181818,0,0.0,True,Review,possible polyphony,Review flag: possible polyphony.,0.1266707034771103
334,166.75410430839003,166.9166439909297,0.16253968253968254,-32.76157178179888,-39.227269000859046,0.11609977324263039,250.5681818181818,0,0.0,True,Review,possible polyphony,Review flag: possible polyphony.,0.1265515014704729
170,87.37668934240362,87.48117913832199,0.10448979591836735,-33.41945518428073,-41.000096282741794,0.034829931972789115,250.5681818181818,0,0.0,True,Review,possible polyphony,Review flag: possible polyphony.,0.12546434927535305
352,172.094693877551,172.18757369614514,0.09287981859410431,-32.61309142021474,-39.66957849976605,0.046439909297052155,250.5681818181818,0,0.0,True,Review,possible polyphony,Review flag: possible polyphony.,0.1236132100972443
349,170.9685260770975,171.06140589569162,0.09287981859410431,-33.21073825303725,-40.89231160109462,0.034829931972789115,250.5681818181818,0,0.0,True,Review,possible polyphony,Review flag: possible polyphony.,0.11701938807999651
330,165.55827664399092,165.7208163265306,0.16253968253968254,-29.095041892122126,-40.47368473139234,0.1509297052154195,250.5681818181818,0,0.0,True,Review,possible polyphony,Review flag: possible polyphony.,0.11592271108911839
42,22.035736961451246,22.09378684807256,0.058049886621315196,-31.204867948355528,-40.85568524631646,0.023219954648526078,250.5681818181818,0,0.0,True,Review,possible polyphony,Review flag: possible polyphony.,0.11422440002606926
343,168.97160997732425,169.0877097505669,0.11609977324263039,-35.741923058769785,-41.76024216323083,0.034829931972789115,250.5681818181818,0,0.0,True,Review,possible polyphony,Review flag: possible polyphony.,0.11366741963753296
223,117.37687074829932,117.89931972789115,0.5224489795918368,-33.60787666479204,-41.9357895513723,0.011609977324263039,52.25118483412322,0,0.0,True,Review,possible polyphony,Review flag: possible polyphony.,0.11050438092225673
230,120.14004535147393,121.42875283446712,1.2887074829931973,-30.520002345860526,-38.1663232146364,0.011609977324263039,52.37529691211402,0,0.0,True,Review,possible polyphony,Review flag: possible polyphony.,0.10152676707076774
308,158.2207709750567,158.3136507936508,0.09287981859410431,-35.54925217252575,-43.0693373795535,0.011609977324263039,250.5681818181818,0,0.0,True,Review,possible polyphony,Review flag: possible polyphony.,0.10057646747430626
41,21.59455782312925,21.652607709750566,0.058049886621315196,-32.26894087217977,-41.226091836931225,0.023219954648526078,242.30769230769232,0,0.0,True,Review,possible polyphony,Review flag: possible polyphony.,0.09987960488167918
417,205.94938775510204,206.00743764172336,0.058049886621315196,-33.54461426104184,-41.20123754078156,0.011609977324263039,250.5681818181818,0,0.0,True,Review,possible polyphony,Review flag: possible polyphony.,0.09898139127881811
397,194.69931972789115,194.75736961451247,0.058049886621315196,-33.33290467815828,-41.13710382273325,0.023219954648526078,250.5681818181818,0,0.0,True,Review,possible polyphony,Review flag: possible polyphony.,0.09012984696387383
353,172.21079365079365,172.26884353741497,0.058049886621315196,-33.72292324257386,-41.03450717505105,0.023219954648526078,250.5681818181818,0,0.0,True,Review,possible polyphony,Review flag: possible polyphony.,0.08725562779654006
227,118.37532879818595,118.45659863945578,0.08126984126984127,-39.03937699130615,-43.55800020240832,0.011609977324263039,52.43757431629013,0,0.0,True,Review,possible polyphony,Review flag: possible polyphony.,0.08407986192149502
328,165.02421768707484,165.1287074829932,0.10448979591836735,-33.93129040731416,-41.46768958285024,0.06965986394557823,250.5681818181818,0,0.0,True,Review,possible polyphony,Review flag: possible polyphony.,0.0808401320711451
290,150.7091156462585,150.76716553287983,0.058049886621315196,-33.56986395800335,-41.90695633273732,0.023219954648526078,250.5681818181818,0,0.0,True,Review,possible polyphony,Review flag: possible polyphony.,0.08006172906538239
169,85.9718820861678,87.09804988662131,1.1261678004535147,-27.36165654331863,-38.93486725148653,0.058049886621315196,49.273743016759774,0,0.0,True,Review,possible polyphony,Likely use candidate: duration and level match the calibrated labeled set; no large pitch step detected.,0.0789848754306332
43,22.46530612244898,22.523356009070294,0.058049886621315196,-33.34521635936638,-42.315155710707174,0.023219954648526078,250.5681818181818,0,0.0,True,Review,possible polyphony,Review flag: possible polyphony.,0.07822621127205359
318,161.85469387755103,161.91274376417235,0.058049886621315196,-36.86704154048001,-42.599589279529,0.011609977324263039,250.5681818181818,0,0.0,True,Review,possible polyphony,Review flag: possible polyphony.,0.07044401650176219
319,162.13333333333333,162.20299319727891,0.06965986394557823,-35.50174490930948,-42.73780329774052,0.023219954648526078,250.5681818181818,0,0.0,True,Review,possible polyphony,Review flag: possible polyphony.,0.06906187631964694
54,29.00172335600907,29.048163265306123,0.046439909297052155,-34.07749858178249,-42.55052979373679,0.011609977324263039,250.5681818181818,0,0.0,True,Review,possible polyphony,Review flag: possible polyphony.,0.06854964821759629
346,170.08616780045352,170.15582766439908,0.06965986394557823,-37.30284823655563,-42.917207236350656,0.023219954648526078,250.5681818181818,0,0.0,True,Review,possible polyphony,Review flag: possible polyphony.,0.0672678369335456
456,230.91083900226758,230.95727891156463,0.046439909297052155,-37.28343841923148,-43.25081039621193,0.0,250.5681818181818,0,0.0,True,Review,possible polyphony,Review flag: possible polyphony.,0.06393180533493287
315,161.19292517006804,161.2393650793651,0.046439909297052155,-36.88554184489269,-42.43328448525,0.011609977324263039,250.5681818181818,0,0.0,True,Review,possible polyphony,Review flag: possible polyphony.,0.06049708712028917
375,183.13578231292516,183.1822222222222,0.046439909297052155,-36.364411844,-43.07642967238166,0.011609977324263039,250.5681818181818,0,0.0,True,Review,possible polyphony,Review flag: possible polyphony.,0.054065635248972566
310,158.73160997732427,158.77804988662132,0.046439909297052155,-37.948036764952505,-43.339611242160956,0.011609977324263039,250.5681818181818,0,0.0,True,Review,possible polyphony,Review flag: possible polyphony.,0.051433819551179594
368,181.78902494331066,181.84707482993198,0.058049886621315196,-36.522821516721955,-43.371753035379406,0.023219954648526078,250.5681818181818,0,0.0,True,Review,possible polyphony,Review flag: possible polyphony.,0.05111240161899505
301,155.74784580498866,155.75945578231293,0.011609977324263039,-36.922661087872115,-41.15175607299106,0.0,250.5681818181818,0,0.0,True,Review,possible polyphony,Review flag: possible polyphony.,0.05009241659435243
159,80.65451247165532,82.10575963718821,1.4512471655328798,-29.86043127548463,-40.491933302805634,0.046439909297052155,53.00480769230769,0,0.0,True,Review,possible polyphony,Likely use candidate: duration and level match the calibrated labeled set; no large pitch step detected.,0.05003644492004522
47,24.021043083900228,24.03265306122449,0.011609977324263039,-38.94496421785446,-41.17485556800885,0.0,250.5681818181818,0,0.0,True,Review,possible polyphony,Review flag: possible polyphony.,0.049861421644174564
323,163.09696145124715,163.16662131519274,0.06965986394557823,-37.34179847957573,-44.36011846665876,0.034829931972789115,250.5681818181818,0,0.0,True,Review,possible polyphony,Review flag: possible polyphony.,0.04122874730620152
350,171.34004535147392,171.39809523809524,0.058049886621315196,-35.59702070523076,-43.254428922632854,0.034829931972789115,250.5681818181818,0,0.0,True,Review,possible polyphony,Review flag: possible polyphony.,0.04067566542219753
384,187.36181405895692,187.3734240362812,0.011609977324263039,-37.14877076605211,-42.134221426014406,0.0,250.5681818181818,0,0.0,True,Review,possible polyphony,Review flag: possible polyphony.,0.040267763064119
326,163.6542403628118,163.70068027210885,0.046439909297052155,-37.36133929690196,-44.69561209711064,0.011609977324263039,250.5681818181818,0,0.0,True,Review,possible polyphony,Review flag: possible polyphony.,0.037873811001682745
322,162.84154195011337,162.94603174603174,0.10448979591836735,-36.793431865712655,-43.862784629070255,0.08126984126984127,250.5681818181818,0,0.0,True,Review,possible polyphony,Review flag: possible polyphony.,0.03459210835782353
341,168.70458049886622,168.71619047619046,0.011609977324263039,-37.86471823986845,-42.735435488812776,0.0,218.31683168316832,0,0.0,True,Review,possible polyphony,Review flag: possible polyphony.,0.03425562243613531
306,158.03501133786847,158.06984126984128,0.034829931972789115,-34.96588137755075,-44.09691814743492,0.011609977324263039,250.5681818181818,0,0.0,True,Review,possible polyphony,Review flag: possible polyphony.,0.03259195939866935
312,159.5094784580499,159.55591836734695,0.046439909297052155,-38.18137139698226,-44.32818301328146,0.023219954648526078,250.5681818181818,0,0.0,True,Review,possible polyphony,Review flag: possible polyphony.,0.02993812451571151
39,20.700589569160996,20.74702947845805,0.046439909297052155,-35.11564180540175,-44.422845531049646,0.023219954648526078,191.7391304347826,0,0.0,True,Review,possible polyphony,Review flag: possible polyphony.,0.028991499338029636
556,268.57360544217687,268.62004535147395,0.046439909297052155,-36.612091466306104,-44.45046834150145,0.023219954648526078,250.5681818181818,0,0.0,True,Review,possible polyphony,Review flag: possible polyphony.,0.02871527123351164
147,76.45170068027211,76.48653061224489,0.034829931972789115,-39.552616797728874,-44.501691019707536,0.011609977324263039,250.5681818181818,0,0.0,True,Review,possible polyphony,Review flag: possible polyphony.,0.02820304445145072
294,151.4637641723356,151.49859410430838,0.034829931972789115,-40.398111948265395,-44.74347522757691,0.011609977324263039,250.5681818181818,0,0.0,True,Review,possible polyphony,Review flag: possible polyphony.,0.025785202372757
320,162.2378231292517,162.24943310657596,0.011609977324263039,-41.8440812204582,-43.71341261498043,0.0,250.5681818181818,0,0.0,True,Review,possible polyphony,Review flag: possible polyphony.,0.0244758511744588
163,83.94013605442177,83.95174603174603,0.011609977324263039,-39.86011402906796,-44.131750625479775,0.0,250.5681818181818,0,0.0,True,Review,possible polyphony,Review flag: possible polyphony.,0.0202924710694653
309,158.33687074829933,158.3717006802721,0.034829931972789115,-38.01105437853167,-44.202258039256606,0.023219954648526078,250.5681818181818,0,0.0,True,Review,possible polyphony,Review flag: possible polyphony.,0.019587396931696976
376,183.19383219954648,183.24027210884353,0.046439909297052155,-35.88928381611958,-44.32041882795119,0.034829931972789115,250.5681818181818,0,0.0,True,Review,possible polyphony,Review flag: possible polyphony.,0.01840578904475118
436,217.67546485260772,217.7102947845805,0.034829931972789115,-36.904081637711876,-44.39546727726041,0.023219954648526078,250.5681818181818,0,0.0,True,Review,possible polyphony,Review flag: possible polyphony.,0.01765530455165895
218,112.29170068027211,112.30331065759637,0.011609977324263039,-41.64961288170624,-44.473039945962334,0.0,,0,0.0,True,Review,possible polyphony,Review flag: possible polyphony.,0.016879577864639728
137,68.67301587301587,68.68462585034014,0.011609977324263039,-39.47741382026274,-44.48890718651734,0.0,142.71844660194174,0,0.0,True,Review,possible polyphony,Review flag: possible polyphony.,0.01672090545908969
224,117.92253968253968,117.93414965986395,0.011609977324263039,-39.78221315139748,-44.76435861116024,0.0,250.5681818181818,0,0.0,True,Review,possible polyphony,Review flag: possible polyphony.,0.013966391212660662
337,167.78739229024944,167.81061224489795,0.023219954648526078,-38.921520506893444,-44.77489520442447,0.011609977324263039,250.5681818181818,0,0.0,True,Review,possible polyphony,Review flag: possible polyphony.,0.013861025280018369
171,87.67854875283447,87.69015873015873,0.011609977324263039,-58.053321564799646,-61.06703407204674,0.0,250.5681818181818,0,0.0,True,Review,possible threshold-level fragment,Review flag: possible threshold-level fragment; audition required.,0.011609977324263054
206,98.08108843537416,98.09269841269841,0.011609977324263039,-57.24474842368749,-62.57343384652067,0.0,250.5681818181818,0,0.0,True,Review,possible threshold-level fragment,Review flag: possible threshold-level fragment; audition required.,0.011609977324263054
221,117.0053514739229,117.01696145124717,0.011609977324263039,-63.0744419788425,-66.807048499369,0.0,250.5681818181818,0,0.0,True,Review,possible threshold-level fragment,Review flag: possible threshold-level fragment; audition required.,0.011609977324263054
228,118.8281179138322,118.83972789115646,0.011609977324263039,-58.94496421785446,-63.2824557104535,0.0,250.5681818181818,0,0.0,True,Review,possible threshold-level fragment,Review flag: possible threshold-level fragment; audition required.,0.011609977324263054
231,121.8118820861678,121.82349206349207,0.011609977324263039,-54.74597369152149,-57.492594000739096,0.0,250.5681818181818,0,0.0,True,Review,possible threshold-level fragment,Review flag: possible threshold-level fragment; audition required.,0.011609977324263054
338,167.86866213151927,167.88027210884354,0.011609977324263039,-45.959319814916235,-52.00429637664598,0.0,250.5681818181818,0,0.0,True,Review,possible threshold-level fragment,Review flag: possible threshold-level fragment; audition required.,0.011609977324263054
381,186.084716553288,186.09632653061223,0.011609977324263039,-44.87216656846438,-46.56482088408035,0.0,250.5681818181818,0,0.0,True,Review,possible threshold-level fragment,Review flag: possible threshold-level fragment; audition required.,0.011609977324263054
453,229.03002267573697,229.0416326530612,0.011609977324263039,-56.505077098624085,-61.954892608564634,0.0,,0,0.0,True,Review,possible threshold-level fragment,Review flag: possible threshold-level fragment; audition required.,0.011609977324263054
514,253.75927437641724,253.79410430839002,0.034829931972789115,-44.64297412512337,-51.97129470315968,0.023219954648526078,250.5681818181818,0,0.0,True,Review,possible polyphony,Review flag: possible polyphony.,0.011609977324263054
542,264.05732426303854,264.0689342403628,0.011609977324263039,-46.17248117855737,-53.55277108332068,0.0,97.35099337748345,0,0.0,True,Review,possible threshold-level fragment,Review flag: possible threshold-level fragment; audition required.,0.011609977324263054
226,118.35210884353741,118.37532879818595,0.023219954648526078,-41.68172341601461,-46.729552792456595,0.011609977324263039,250.5681818181818,0,0.0,True,Review,possible polyphony,Review flag: possible polyphony.,0.011609977324263027
298,153.4142403628118,153.4374603174603,0.023219954648526078,-40.76657360480111,-45.25231496433345,0.011609977324263039,250.5681818181818,0,0.0,True,Review,possible polyphony,Review flag: possible polyphony.,0.011609977324263027
302,155.8639455782313,155.8871655328798,0.023219954648526078,-41.713953099146195,-48.38862533892056,0.011609977324263039,250.5681818181818,0,0.0,True,Review,possible polyphony,Review flag: possible polyphony.,0.011609977324263027
303,156.0497052154195,156.07292517006803,0.023219954648526078,-39.88623702511363,-45.13267691211571,0.011609977324263039,250.5681818181818,0,0.0,True,Review,possible polyphony,Review flag: possible polyphony.,0.011609977324263027
